create database if not exists `dbseguridad`;

USE `dbseguridad`;


/* Seguridad  */
delete from seg_detalle_lista;
delete from seg_ciudad;
delete from seg_departamento;
delete from seg_lista;
delete from seg_grupo_accion;
delete from seg_grupo_usuario;
delete from seg_grupo_funcion;
delete from seg_accion;
delete from seg_grupo;
delete from seg_funcion;
delete from seg_motivo;
delete from seg_sistema;
delete from seg_usuario;
delete from seg_empresa;

insert into `seg_empresa` 
(id, descripcion, 
estado, motivo_id, usuario, fecha_creacion,
fecha_modificacion)
Values 
(1, 'Empresa 1', 
'A', 1, 'sisjorge', now(), now()),
(2, 'Empresa 2', 
'A', 1, 'sisjorge', now(), now()),
(3, 'Empresa 3', 
'A', 1, 'sisjorge', now(), now()),
(4, 'Empresa 4', 
'A', 1, 'sisjorge', now(), now()),
(5, 'Empresa 5', 
'A', 1, 'sisjorge', now(), now());

insert into `seg_usuario` 
(id, tipo_documento, documento, nombre_usuario, 
perfil, password, empresa_id, correo_electronico, 
fecha_ultimo_ingreso, fecha_cambio_password,
estado, motivo_id, usuario, fecha_creacion,
fecha_modificacion)
Values 
(1, 3, '16221934', 'Jorge Moreno', 
'sisjorge', MD5('natalia'), 1, 
'jorge.moreno86@hotmail.com', now(), now(), 
'A', 1, 'sisjorge', now(), now()),
(2, 3, '10', 'Juan Sebastian Vahos', 
'jvahos', MD5('jvahos'), 1,
'Sebas326@gmail.com', now(), now(), 
'A', 1, 'sisjorge', now(), now()),
(3, 3, '1', 'Juan Pablo Duque', 
'jupadura', MD5('jupadura'), 1, 
'jupadura@hotmail.com', now(), now(), 
'A', 1, 'sisjorge', now(), now())
;

insert into seg_sistema
(id, nombre, descripcion,
estado, motivo_id, 
usuario, fecha_creacion, fecha_modificacion)
values
(1, 'SEGURIDAD', 'SISTEMA SEGURIDAD', 
'A', 1, 'sisjorge', now(), now()),
(2, 'CONTAB', 'SISTEMA CONTABILIDAD', 
'A', 1, 'sisjorge', now(), now()),
(3, 'SISALUD', 'SISTEMA SALUD', 
'A', 1, 'sisjorge', now(), now()),
(4, 'INVENTAR', 'SISTEMA INVENTARIOS', 
'A', 1, 'sisjorge', now(), now());


insert into `seg_motivo` 
(id, tabla, descripcion_motivo, 
sistema_id, estado_motivo, 
estado, motivo_id, usuario, fecha_creacion,
fecha_modificacion)
values (1, 'GENERICO', 'Activo', 1, 'A', 'A', 1, 'sisjorge', now(), now()),
(2, 'GENERICO', 'Inactivo', 1, 'I', 'A', 1, 'sisjorge', now(), now()),
(3, '', 'Creado por Error', 1, 'I', 'A', 1, 'sisjorge', now(), now()),
(4, 'SISTEMA', 'Activo 1', 1, 'A', 'A', 1, 'sisjorge', now(), now()),
(5, 'SISTEMA', 'Activo 2', 1, 'A', 'A', 1, 'sisjorge', now(), now()),
(6, 'SISTEMA', 'Inactivo 1', 1, 'I', 'A', 1, 'sisjorge', now(), now()),
(7, 'SISTEMA', 'Inactivo 2', 1, 'I', 'A', 1, 'sisjorge', now(), now())
;


/*Data for the table `seg_departamento` */

insert into `seg_departamento`(`codigo_departamento`,`nombre_departamento`,`estado`,`motivo_id`,`usuario`,`fecha_creacion`,`fecha_modificacion`,`dirip`) values ('05','ANTIOQUIA','A',1,'sisjorge',now(),now(),NULL),('08','ATLANTICO','A',1,'sisjorge',now(),now(),NULL),('11','SANTAFE DE BOGOTA','A',1,'sisjorge',now(),now(),NULL),('13','BOLIVAR','A',1,'sisjorge',now(),now(),NULL),('15','BOYACA','A',1,'sisjorge',now(),now(),NULL),('17','CALDAS','A',1,'sisjorge',now(),now(),NULL),('18','CAQUETA','A',1,'sisjorge',now(),now(),NULL),('19','CAUCA','A',1,'sisjorge',now(),now(),NULL),('20','CESAR','A',1,'sisjorge',now(),now(),NULL),('23','CORDOBA','A',1,'sisjorge',now(),now(),NULL),('25','CUNDINAMARCA','A',1,'sisjorge',now(),now(),NULL),('27','CHOCO','A',1,'sisjorge',now(),now(),NULL),('41','HUILA','A',1,'sisjorge',now(),now(),NULL),('44','LA GUAJIRA','A',1,'sisjorge',now(),now(),NULL),('47','MAGDALENA','A',1,'sisjorge',now(),now(),NULL),('50','META','A',1,'sisjorge',now(),now(),NULL);
insert into `seg_departamento`(`codigo_departamento`,`nombre_departamento`,`estado`,`motivo_id`,`usuario`,`fecha_creacion`,`fecha_modificacion`,`dirip`) values ('52','NARI','A',1,'sisjorge',now(),now(),NULL),('54','NORTE DE SANTANDER','A',1,'sisjorge',now(),now(),NULL),('63','QUINDIO','A',1,'sisjorge',now(),now(),NULL),('66','RISARALDA','A',1,'sisjorge',now(),now(),NULL),('68','SANTANDER','A',1,'sisjorge',now(),now(),NULL),('70','SUCRE','A',1,'sisjorge',now(),now(),NULL),('73','TOLIMA','A',1,'sisjorge',now(),now(),NULL),('76','VALLE DEL CAUCA','A',1,'sisjorge',now(),now(),NULL),('81','ARAUCA','A',1,'sisjorge',now(),now(),NULL),('85','CASANARE','A',1,'sisjorge',now(),now(),NULL),('86','PUTUMAYO','A',1,'sisjorge',now(),now(),NULL),('88','ARCHIPIELAGO DE SAN ANDRES','A',1,'sisjorge',now(),now(),NULL),('91','AMAZONAS','A',1,'sisjorge',now(),now(),NULL),('94','GUAINIA','A',1,'sisjorge',now(),now(),NULL),('95','GUAVIARE','A',1,'sisjorge',now(),now(),NULL),('97','VAUPES','A',1,'sisjorge',now(),now(),NULL);
insert into `seg_departamento`(`codigo_departamento`,`nombre_departamento`,`estado`,`motivo_id`,`usuario`,`fecha_creacion`,`fecha_modificacion`,`dirip`) values ('99','VICHADA','A',1,'sisjorge',now(),now(),NULL);

/*Data for the table `seg_ciudad` */

insert into `seg_ciudad`(`codigo_ciudad`,`nombre_ciudad`,`departamento_id`,`estado`,`motivo_id`,`usuario`,`fecha_creacion`,`fecha_modificacion`,`dirip`) values ('05001','MEDELLIN','05','A',1,'sisjorge',now(),now(),NULL),('05002','ABEJORRAL','05','A',1,'sisjorge',now(),now(),NULL),('05004','ABRIAQUI','05','A',1,'sisjorge',now(),now(),NULL),('05021','ALEJANDRIA','05','A',1,'sisjorge',now(),now(),NULL),('05030','AMAGA','05','A',1,'sisjorge',now(),now(),NULL),('05031','AMALFI','05','A',1,'sisjorge',now(),now(),NULL),('05034','ANDES','05','A',1,'sisjorge',now(),now(),NULL),('05036','ANGELOPOLIS','05','A',1,'sisjorge',now(),now(),NULL),('05038','ANGOSTURA','05','A',1,'sisjorge',now(),now(),NULL),('05040','ANORI','05','A',1,'sisjorge',now(),now(),NULL),('05042','SANTAFE DE ANTIOQUIA','05','A',1,'sisjorge',now(),now(),NULL),('05044','ANZA','05','A',1,'sisjorge',now(),now(),NULL);
insert into `seg_ciudad`(`codigo_ciudad`,`nombre_ciudad`,`departamento_id`,`estado`,`motivo_id`,`usuario`,`fecha_creacion`,`fecha_modificacion`,`dirip`) values ('05045','APARTADO','05','A',1,'sisjorge',now(),now(),NULL),('05051','ARBOLETES','05','A',1,'sisjorge',now(),now(),NULL),('05055','ARGELIA','05','A',1,'sisjorge',now(),now(),NULL),('05059','ARMENIA','05','A',1,'sisjorge',now(),now(),NULL),('05079','BARBOSA','05','A',1,'sisjorge',now(),now(),NULL),('05086','BELMIRA','05','A',1,'sisjorge',now(),now(),NULL),('05088','BELLO','05','A',1,'sisjorge',now(),now(),NULL),('05091','BETANIA','05','A',1,'sisjorge',now(),now(),NULL),('05093','BETULIA','05','A',1,'sisjorge',now(),now(),NULL),('05101','CIUDAD BOLIVAR','05','A',1,'sisjorge',now(),now(),NULL),('05107','BRICE','05','A',1,'sisjorge',now(),now(),NULL),('05113','BURITICA','05','A',1,'sisjorge',now(),now(),NULL),('05120','CACERES','05','A',1,'sisjorge',now(),now(),NULL),('05125','CAICEDO','05','A',1,'sisjorge',now(),now(),NULL),('05129','CALDAS','05','A',1,'sisjorge',now(),now(),NULL),('05134','CAMPAMENTO','05','A',1,'sisjorge',now(),now(),NULL);
insert into `seg_ciudad`(`codigo_ciudad`,`nombre_ciudad`,`departamento_id`,`estado`,`motivo_id`,`usuario`,`fecha_creacion`,`fecha_modificacion`,`dirip`) values ('05138','CA','05','A',1,'sisjorge',now(),now(),NULL),('05142','CARACOLI','05','A',1,'sisjorge',now(),now(),NULL),('05145','CARAMANTA','05','A',1,'sisjorge',now(),now(),NULL),('05147','CAREPA','05','A',1,'sisjorge',now(),now(),NULL),('05148','CARMEN DE VIBORAL','05','A',1,'sisjorge',now(),now(),NULL),('05150','CAROLINA','05','A',1,'sisjorge',now(),now(),NULL),('05154','CAUCASIA','05','A',1,'sisjorge',now(),now(),NULL),('05172','CHIGORODO','05','A',1,'sisjorge',now(),now(),NULL),('05190','CISNEROS','05','A',1,'sisjorge',now(),now(),NULL),('05197','COCORNA','05','A',1,'sisjorge',now(),now(),NULL),('05206','CONCEPCION','05','A',1,'sisjorge',now(),now(),NULL),('05209','CONCORDIA','05','A',1,'sisjorge',now(),now(),NULL),('05212','COPACABANA','05','A',1,'sisjorge',now(),now(),NULL),('05234','DABEIBA','05','A',1,'sisjorge',now(),now(),NULL),('05237','DON MATIAS','05','A',1,'sisjorge',now(),now(),NULL);
insert into `seg_ciudad`(`codigo_ciudad`,`nombre_ciudad`,`departamento_id`,`estado`,`motivo_id`,`usuario`,`fecha_creacion`,`fecha_modificacion`,`dirip`) values ('05240','EBEJICO','05','A',1,'sisjorge',now(),now(),NULL),('05250','EL BAGRE','05','A',1,'sisjorge',now(),now(),NULL),('05264','ENTRERRIOS','05','A',1,'sisjorge',now(),now(),NULL),('05266','ENVIGADO','05','A',1,'sisjorge',now(),now(),NULL),('05282','FREDONIA','05','A',1,'sisjorge',now(),now(),NULL),('05284','FRONTINO','05','A',1,'sisjorge',now(),now(),NULL),('05306','GIRALDO','05','A',1,'sisjorge',now(),now(),NULL),('05308','GIRARDOTA','05','A',1,'sisjorge',now(),now(),NULL),('05310','GOMEZ PLATA','05','A',1,'sisjorge',now(),now(),NULL),('05313','GRANADA','05','A',1,'sisjorge',now(),now(),NULL),('05315','GUADALUPE','05','A',1,'sisjorge',now(),now(),NULL),('05318','GUARNE','05','A',1,'sisjorge',now(),now(),NULL),('05321','GUATAPE','05','A',1,'sisjorge',now(),now(),NULL),('05347','HELICONIA','05','A',1,'sisjorge',now(),now(),NULL),('05353','HISPANIA','05','A',1,'sisjorge',now(),now(),NULL),('05360','ITAGUI','05','A',1,'sisjorge',now(),now(),NULL);
insert into `seg_ciudad`(`codigo_ciudad`,`nombre_ciudad`,`departamento_id`,`estado`,`motivo_id`,`usuario`,`fecha_creacion`,`fecha_modificacion`,`dirip`) values ('05361','ITUANGO','05','A',1,'sisjorge',now(),now(),NULL),('05364','JARDIN','05','A',1,'sisjorge',now(),now(),NULL),('05368','JERICO','05','A',1,'sisjorge',now(),now(),NULL),('05376','LA CEJA','05','A',1,'sisjorge',now(),now(),NULL),('05380','LA ESTRELLA','05','A',1,'sisjorge',now(),now(),NULL),('05400','LA UNION','05','A',1,'sisjorge',now(),now(),NULL),('05411','LIBORINA','05','A',1,'sisjorge',now(),now(),NULL),('05425','MACEO','05','A',1,'sisjorge',now(),now(),NULL),('05440','MARINILLA','05','A',1,'sisjorge',now(),now(),NULL),('05467','MONTEBELLO','05','A',1,'sisjorge',now(),now(),NULL),('05475','MURINDO','05','A',1,'sisjorge',now(),now(),NULL),('05480','MUTATA','05','A',1,'sisjorge',now(),now(),NULL),('05483','NARI','05','A',1,'sisjorge',now(),now(),NULL),('05490','NECOCLI','05','A',1,'sisjorge',now(),now(),NULL),('05495','NECHI','05','A',1,'sisjorge',now(),now(),NULL),('05501','OLAYA','05','A',1,'sisjorge',now(),now(),NULL);
insert into `seg_ciudad`(`codigo_ciudad`,`nombre_ciudad`,`departamento_id`,`estado`,`motivo_id`,`usuario`,`fecha_creacion`,`fecha_modificacion`,`dirip`) values ('05541','PE','05','A',1,'sisjorge',now(),now(),NULL),('05543','PEQUE','05','A',1,'sisjorge',now(),now(),NULL),('05576','PUEBLORRICO','05','A',1,'sisjorge',now(),now(),NULL),('05579','PUERTO BERRIO','05','A',1,'sisjorge',now(),now(),NULL),('05585','PUERTO NARE','05','A',1,'sisjorge',now(),now(),NULL),('05591','PUERTO TRIUNFO','05','A',1,'sisjorge',now(),now(),NULL),('05604','REMEDIOS','05','A',1,'sisjorge',now(),now(),NULL),('05607','RETIRO','05','A',1,'sisjorge',now(),now(),NULL),('05615','RIONEGRO','05','A',1,'sisjorge',now(),now(),NULL),('05628','SABANALARGA','05','A',1,'sisjorge',now(),now(),NULL),('05631','SABANETA','05','A',1,'sisjorge',now(),now(),NULL),('05642','SALGAR','05','A',1,'sisjorge',now(),now(),NULL),('05647','SAN ANDRES','05','A',1,'sisjorge',now(),now(),NULL),('05649','SAN CARLOS','05','A',1,'sisjorge',now(),now(),NULL),('05652','SAN FRANCISCO','05','A',1,'sisjorge',now(),now(),NULL);
insert into `seg_ciudad`(`codigo_ciudad`,`nombre_ciudad`,`departamento_id`,`estado`,`motivo_id`,`usuario`,`fecha_creacion`,`fecha_modificacion`,`dirip`) values ('05656','SAN JERONIMO','05','A',1,'sisjorge',now(),now(),NULL),('05658','SAN JOSE DE LA MONTA','05','A',1,'sisjorge',now(),now(),NULL),('05659','SAN JUAN DE URABA','05','A',1,'sisjorge',now(),now(),NULL),('05660','SAN LUIS','05','A',1,'sisjorge',now(),now(),NULL),('05664','SAN PEDRO','05','A',1,'sisjorge',now(),now(),NULL),('05665','SAN PEDRO DE URABA','05','A',1,'sisjorge',now(),now(),NULL),('05667','SAN RAFAEL','05','A',1,'sisjorge',now(),now(),NULL),('05670','SAN ROQUE','05','A',1,'sisjorge',now(),now(),NULL),('05674','SAN VICENTE','05','A',1,'sisjorge',now(),now(),NULL),('05679','SANTA BARBARA','05','A',1,'sisjorge',now(),now(),NULL),('05686','SANTA ROSA DE OSOS','05','A',1,'sisjorge',now(),now(),NULL),('05690','SANTO DOMINGO','05','A',1,'sisjorge',now(),now(),NULL),('05697','SANTUARIO','05','A',1,'sisjorge',now(),now(),NULL),('05736','SEGOVIA','05','A',1,'sisjorge',now(),now(),NULL),('05756','SONSON','05','A',1,'sisjorge',now(),now(),NULL);
insert into `seg_ciudad`(`codigo_ciudad`,`nombre_ciudad`,`departamento_id`,`estado`,`motivo_id`,`usuario`,`fecha_creacion`,`fecha_modificacion`,`dirip`) values ('05761','SOPETRAN','05','A',1,'sisjorge',now(),now(),NULL),('05789','TAMESIS','05','A',1,'sisjorge',now(),now(),NULL),('05790','TARAZA','05','A',1,'sisjorge',now(),now(),NULL),('05792','TARSO','05','A',1,'sisjorge',now(),now(),NULL),('05809','TITIRIBI','05','A',1,'sisjorge',now(),now(),NULL),('05819','TOLEDO','05','A',1,'sisjorge',now(),now(),NULL),('05837','TURBO','05','A',1,'sisjorge',now(),now(),NULL),('05842','URAMITA','05','A',1,'sisjorge',now(),now(),NULL),('05847','URRAO','05','A',1,'sisjorge',now(),now(),NULL),('05854','VALDIVIA','05','A',1,'sisjorge',now(),now(),NULL),('05856','VALPARAISO','05','A',1,'sisjorge',now(),now(),NULL),('05858','VEGACHI','05','A',1,'sisjorge',now(),now(),NULL),('05861','VENECIA','05','A',1,'sisjorge',now(),now(),NULL),('05873','VIGIA DEL FUERTE','05','A',1,'sisjorge',now(),now(),NULL),('05885','YALI','05','A',1,'sisjorge',now(),now(),NULL),('05887','YARUMAL','05','A',1,'sisjorge',now(),now(),NULL);
insert into `seg_ciudad`(`codigo_ciudad`,`nombre_ciudad`,`departamento_id`,`estado`,`motivo_id`,`usuario`,`fecha_creacion`,`fecha_modificacion`,`dirip`) values ('05890','YOLOMBO','05','A',1,'sisjorge',now(),now(),NULL),('05893','YONDO','05','A',1,'sisjorge',now(),now(),NULL),('05895','ZARAGOZA','05','A',1,'sisjorge',now(),now(),NULL),('08001','BARRANQUILLA','08','A',1,'sisjorge',now(),now(),NULL),('08078','BARANOA','08','A',1,'sisjorge',now(),now(),NULL),('08137','CAMPO DE LA CRUZ','08','A',1,'sisjorge',now(),now(),NULL),('08141','CANDELARIA','08','A',1,'sisjorge',now(),now(),NULL),('08296','GALAPA','08','A',1,'sisjorge',now(),now(),NULL),('08372','JUAN DE ACOSTA','08','A',1,'sisjorge',now(),now(),NULL),('08421','LURUACO','08','A',1,'sisjorge',now(),now(),NULL),('08433','MALAMBO','08','A',1,'sisjorge',now(),now(),NULL),('08436','MANATI','08','A',1,'sisjorge',now(),now(),NULL),('08520','PALMAR DE VARELA','08','A',1,'sisjorge',now(),now(),NULL),('08549','PIOJO','08','A',1,'sisjorge',now(),now(),NULL),('08558','POLONUEVO','08','A',1,'sisjorge',now(),now(),NULL);
insert into `seg_ciudad`(`codigo_ciudad`,`nombre_ciudad`,`departamento_id`,`estado`,`motivo_id`,`usuario`,`fecha_creacion`,`fecha_modificacion`,`dirip`) values ('08560','PONEDERA','08','A',1,'sisjorge',now(),now(),NULL),('08573','PUERTO COLOMBIA','08','A',1,'sisjorge',now(),now(),NULL),('08606','REPELON','08','A',1,'sisjorge',now(),now(),NULL),('08634','SABANAGRANDE','08','A',1,'sisjorge',now(),now(),NULL),('08638','SABANALARGA','08','A',1,'sisjorge',now(),now(),NULL),('08675','SANTA LUCIA','08','A',1,'sisjorge',now(),now(),NULL),('08685','SANTO TOMAS','08','A',1,'sisjorge',now(),now(),NULL),('08758','SOLEDAD','08','A',1,'sisjorge',now(),now(),NULL),('08770','SUAN','08','A',1,'sisjorge',now(),now(),NULL),('08832','TUBARA','08','A',1,'sisjorge',now(),now(),NULL),('08849','USIACURI','08','A',1,'sisjorge',now(),now(),NULL),('11001','BOGOTA D.C.','11','A',1,'sisjorge',now(),now(),NULL),('13001','CARTAGENA','13','A',1,'sisjorge',now(),now(),NULL),('13006','ACHI','13','A',1,'sisjorge',now(),now(),NULL),('13030','ALTOS DEL ROSARIO','13','A',1,'sisjorge',now(),now(),NULL);
insert into `seg_ciudad`(`codigo_ciudad`,`nombre_ciudad`,`departamento_id`,`estado`,`motivo_id`,`usuario`,`fecha_creacion`,`fecha_modificacion`,`dirip`) values ('13042','ARENAL','13','A',1,'sisjorge',now(),now(),NULL),('13052','ARJONA','13','A',1,'sisjorge',now(),now(),NULL),('13074','BARRANCO DE LOBA','13','A',1,'sisjorge',now(),now(),NULL),('13140','CALAMAR','13','A',1,'sisjorge',now(),now(),NULL),('13160','CANTAGALLO','13','A',1,'sisjorge',now(),now(),NULL),('13188','CICUCO','13','A',1,'sisjorge',now(),now(),NULL),('13212','CORDOBA','13','A',1,'sisjorge',now(),now(),NULL),('13222','CLEMENCIA','13','A',1,'sisjorge',now(),now(),NULL),('13244','EL CARMEN DE BOLIVAR','13','A',1,'sisjorge',now(),now(),NULL),('13248','EL GUAMO','13','A',1,'sisjorge',now(),now(),NULL),('13268','EL PE','13','A',1,'sisjorge',now(),now(),NULL),('13300','HATILLO DE LOBA','13','A',1,'sisjorge',now(),now(),NULL),('13430','MAGANGUE','13','A',1,'sisjorge',now(),now(),NULL),('13433','MAHATES','13','A',1,'sisjorge',now(),now(),NULL),('13440','MARGARITA','13','A',1,'sisjorge',now(),now(),NULL);
insert into `seg_ciudad`(`codigo_ciudad`,`nombre_ciudad`,`departamento_id`,`estado`,`motivo_id`,`usuario`,`fecha_creacion`,`fecha_modificacion`,`dirip`) values ('13442','MARIA LA BAJA','13','A',1,'sisjorge',now(),now(),NULL),('13458','MONTECRISTO','13','A',1,'sisjorge',now(),now(),NULL),('13468','MOMPOS','13','A',1,'sisjorge',now(),now(),NULL),('13473','MORALES','13','A',1,'sisjorge',now(),now(),NULL),('13549','PINILLOS','13','A',1,'sisjorge',now(),now(),NULL),('13580','REGIDOR','13','A',1,'sisjorge',now(),now(),NULL),('13600','RIO VIEJO','13','A',1,'sisjorge',now(),now(),NULL),('13620','SAN CRISTOBAL','13','A',1,'sisjorge',now(),now(),NULL),('13647','SAN ESTANISLAO','13','A',1,'sisjorge',now(),now(),NULL),('13650','SAN FERNANDO','13','A',1,'sisjorge',now(),now(),NULL),('13654','SAN JACINTO','13','A',1,'sisjorge',now(),now(),NULL),('13657','SAN JUAN NEPOMUCENO','13','A',1,'sisjorge',now(),now(),NULL),('13667','SAN MARTIN DE LOBA','13','A',1,'sisjorge',now(),now(),NULL),('13670','SAN PABLO','13','A',1,'sisjorge',now(),now(),NULL),('13673','SANTA CATALINA','13','A',1,'sisjorge',now(),now(),NULL);
insert into `seg_ciudad`(`codigo_ciudad`,`nombre_ciudad`,`departamento_id`,`estado`,`motivo_id`,`usuario`,`fecha_creacion`,`fecha_modificacion`,`dirip`) values ('13683','SANTA ROSA','13','A',1,'sisjorge',now(),now(),NULL),('13688','SANTA ROSA DEL SUR','13','A',1,'sisjorge',now(),now(),NULL),('13744','SIMITI','13','A',1,'sisjorge',now(),now(),NULL),('13760','SOPLAVIENTO','13','A',1,'sisjorge',now(),now(),NULL),('13780','TALAIGUA NUEVO','13','A',1,'sisjorge',now(),now(),NULL),('13810','TIQUISIO','13','A',1,'sisjorge',now(),now(),NULL),('13836','TURBACO','13','A',1,'sisjorge',now(),now(),NULL),('13838','TURBANA','13','A',1,'sisjorge',now(),now(),NULL),('13873','VILLANUEVA','13','A',1,'sisjorge',now(),now(),NULL),('13894','ZAMBRANO','13','A',1,'sisjorge',now(),now(),NULL),('15001','TUNJA','15','A',1,'sisjorge',now(),now(),NULL),('15022','ALMEIDA','15','A',1,'sisjorge',now(),now(),NULL),('15047','AQUITANIA','15','A',1,'sisjorge',now(),now(),NULL),('15051','ARCABUCO','15','A',1,'sisjorge',now(),now(),NULL),('15087','BELEN','15','A',1,'sisjorge',now(),now(),NULL);
insert into `seg_ciudad`(`codigo_ciudad`,`nombre_ciudad`,`departamento_id`,`estado`,`motivo_id`,`usuario`,`fecha_creacion`,`fecha_modificacion`,`dirip`) values ('15090','BERBEO','15','A',1,'sisjorge',now(),now(),NULL),('15092','BETEITIVA','15','A',1,'sisjorge',now(),now(),NULL),('15097','BOAVITA','15','A',1,'sisjorge',now(),now(),NULL),('15104','BOYACA','15','A',1,'sisjorge',now(),now(),NULL),('15106','BRICE','15','A',1,'sisjorge',now(),now(),NULL),('15109','BUENAVISTA','15','A',1,'sisjorge',now(),now(),NULL),('15114','BUSBANZA','15','A',1,'sisjorge',now(),now(),NULL),('15131','CALDAS','15','A',1,'sisjorge',now(),now(),NULL),('15135','CAMPOHERMOSO','15','A',1,'sisjorge',now(),now(),NULL),('15162','CERINZA','15','A',1,'sisjorge',now(),now(),NULL),('15172','CHINAVITA','15','A',1,'sisjorge',now(),now(),NULL),('15176','CHIQUINQUIRA','15','A',1,'sisjorge',now(),now(),NULL),('15180','CHISCAS','15','A',1,'sisjorge',now(),now(),NULL),('15183','CHITA','15','A',1,'sisjorge',now(),now(),NULL),('15185','CHITARAQUE','15','A',1,'sisjorge',now(),now(),NULL),('15187','CHIVATA','15','A',1,'sisjorge',now(),now(),NULL);
insert into `seg_ciudad`(`codigo_ciudad`,`nombre_ciudad`,`departamento_id`,`estado`,`motivo_id`,`usuario`,`fecha_creacion`,`fecha_modificacion`,`dirip`) values ('15189','CIENEGA','15','A',1,'sisjorge',now(),now(),NULL),('15204','COMBITA','15','A',1,'sisjorge',now(),now(),NULL),('15212','COPER','15','A',1,'sisjorge',now(),now(),NULL),('15215','CORRALES','15','A',1,'sisjorge',now(),now(),NULL),('15218','COVARACHIA','15','A',1,'sisjorge',now(),now(),NULL),('15223','CUBARA','15','A',1,'sisjorge',now(),now(),NULL),('15224','CUCAITA','15','A',1,'sisjorge',now(),now(),NULL),('15226','CUITIVA','15','A',1,'sisjorge',now(),now(),NULL),('15232','CHIQUIZA','15','A',1,'sisjorge',now(),now(),NULL),('15236','CHIVOR','15','A',1,'sisjorge',now(),now(),NULL),('15238','DUITAMA','15','A',1,'sisjorge',now(),now(),NULL),('15244','EL COCUY','15','A',1,'sisjorge',now(),now(),NULL),('15248','EL ESPINO','15','A',1,'sisjorge',now(),now(),NULL),('15272','FIRAVITOBA','15','A',1,'sisjorge',now(),now(),NULL),('15276','FLORESTA','15','A',1,'sisjorge',now(),now(),NULL),('15293','GACHANTIVA','15','A',1,'sisjorge',now(),now(),NULL);
insert into `seg_ciudad`(`codigo_ciudad`,`nombre_ciudad`,`departamento_id`,`estado`,`motivo_id`,`usuario`,`fecha_creacion`,`fecha_modificacion`,`dirip`) values ('15296','GAMEZA','15','A',1,'sisjorge',now(),now(),NULL),('15299','GARAGOA','15','A',1,'sisjorge',now(),now(),NULL),('15317','GUACAMAYAS','15','A',1,'sisjorge',now(),now(),NULL),('15322','GUATEQUE','15','A',1,'sisjorge',now(),now(),NULL),('15325','GUAYATA','15','A',1,'sisjorge',now(),now(),NULL),('15332','GUICAN','15','A',1,'sisjorge',now(),now(),NULL),('15362','IZA','15','A',1,'sisjorge',now(),now(),NULL),('15367','JENESANO','15','A',1,'sisjorge',now(),now(),NULL),('15368','JERICO','15','A',1,'sisjorge',now(),now(),NULL),('15377','LABRANZAGRANDE','15','A',1,'sisjorge',now(),now(),NULL),('15380','LA CAPILLA','15','A',1,'sisjorge',now(),now(),NULL),('15401','LA VICTORIA','15','A',1,'sisjorge',now(),now(),NULL),('15403','LA UVITA','15','A',1,'sisjorge',now(),now(),NULL),('15407','VILLA DE LEYVA','15','A',1,'sisjorge',now(),now(),NULL),('15425','MACANAL','15','A',1,'sisjorge',now(),now(),NULL),('15442','MARIPI','15','A',1,'sisjorge',now(),now(),NULL);
insert into `seg_ciudad`(`codigo_ciudad`,`nombre_ciudad`,`departamento_id`,`estado`,`motivo_id`,`usuario`,`fecha_creacion`,`fecha_modificacion`,`dirip`) values ('15455','MIRAFLORES','15','A',1,'sisjorge',now(),now(),NULL),('15464','MONGUA','15','A',1,'sisjorge',now(),now(),NULL),('15466','MONGUI','15','A',1,'sisjorge',now(),now(),NULL),('15469','MONIQUIRA','15','A',1,'sisjorge',now(),now(),NULL),('15476','MOTAVITA','15','A',1,'sisjorge',now(),now(),NULL),('15480','MUZO','15','A',1,'sisjorge',now(),now(),NULL),('15491','NOBSA','15','A',1,'sisjorge',now(),now(),NULL),('15494','NUEVO COLON','15','A',1,'sisjorge',now(),now(),NULL),('15500','OICATA','15','A',1,'sisjorge',now(),now(),NULL),('15507','OTANCHE','15','A',1,'sisjorge',now(),now(),NULL),('15511','PACHAVITA','15','A',1,'sisjorge',now(),now(),NULL),('15514','PAEZ','15','A',1,'sisjorge',now(),now(),NULL),('15516','PAIPA','15','A',1,'sisjorge',now(),now(),NULL),('15518','PAJARITO','15','A',1,'sisjorge',now(),now(),NULL),('15522','PANQUEBA','15','A',1,'sisjorge',now(),now(),NULL),('15531','PAUNA','15','A',1,'sisjorge',now(),now(),NULL);
insert into `seg_ciudad`(`codigo_ciudad`,`nombre_ciudad`,`departamento_id`,`estado`,`motivo_id`,`usuario`,`fecha_creacion`,`fecha_modificacion`,`dirip`) values ('15533','PAYA','15','A',1,'sisjorge',now(),now(),NULL),('15537','PAZ DE RIO','15','A',1,'sisjorge',now(),now(),NULL),('15542','PESCA','15','A',1,'sisjorge',now(),now(),NULL),('15550','PISBA','15','A',1,'sisjorge',now(),now(),NULL),('15572','PUERTO BOYACA','15','A',1,'sisjorge',now(),now(),NULL),('15580','QUIPAMA','15','A',1,'sisjorge',now(),now(),NULL),('15599','RAMIRIQUI','15','A',1,'sisjorge',now(),now(),NULL),('15600','RAQUIRA','15','A',1,'sisjorge',now(),now(),NULL),('15621','RONDON','15','A',1,'sisjorge',now(),now(),NULL),('15632','SABOYA','15','A',1,'sisjorge',now(),now(),NULL),('15638','SACHICA','15','A',1,'sisjorge',now(),now(),NULL),('15646','SAMACA','15','A',1,'sisjorge',now(),now(),NULL),('15660','SAN EDUARDO','15','A',1,'sisjorge',now(),now(),NULL),('15664','SAN JOSE DE PARE','15','A',1,'sisjorge',now(),now(),NULL),('15667','SAN LUIS DE GACENO','15','A',1,'sisjorge',now(),now(),NULL);
insert into `seg_ciudad`(`codigo_ciudad`,`nombre_ciudad`,`departamento_id`,`estado`,`motivo_id`,`usuario`,`fecha_creacion`,`fecha_modificacion`,`dirip`) values ('15673','SAN MATEO','15','A',1,'sisjorge',now(),now(),NULL),('15676','SAN MIGUEL DE SEMA','15','A',1,'sisjorge',now(),now(),NULL),('15681','SAN PABLO BORBUR','15','A',1,'sisjorge',now(),now(),NULL),('15686','SANTANA','15','A',1,'sisjorge',now(),now(),NULL),('15690','SANTA MARIA','15','A',1,'sisjorge',now(),now(),NULL),('15693','SAN ROSA VITERBO','15','A',1,'sisjorge',now(),now(),NULL),('15696','SANTA SOFIA','15','A',1,'sisjorge',now(),now(),NULL),('15720','SATIVANORTE','15','A',1,'sisjorge',now(),now(),NULL),('15723','SATIVASUR','15','A',1,'sisjorge',now(),now(),NULL),('15740','SIACHOQUE','15','A',1,'sisjorge',now(),now(),NULL),('15753','SOATA','15','A',1,'sisjorge',now(),now(),NULL),('15755','SOCOTA','15','A',1,'sisjorge',now(),now(),NULL),('15757','SOCHA','15','A',1,'sisjorge',now(),now(),NULL),('15759','SOGAMOSO','15','A',1,'sisjorge',now(),now(),NULL),('15761','SOMONDOCO','15','A',1,'sisjorge',now(),now(),NULL);
insert into `seg_ciudad`(`codigo_ciudad`,`nombre_ciudad`,`departamento_id`,`estado`,`motivo_id`,`usuario`,`fecha_creacion`,`fecha_modificacion`,`dirip`) values ('15762','SORA','15','A',1,'sisjorge',now(),now(),NULL),('15763','SOTAQUIRA','15','A',1,'sisjorge',now(),now(),NULL),('15764','SORACA','15','A',1,'sisjorge',now(),now(),NULL),('15774','SUSACON','15','A',1,'sisjorge',now(),now(),NULL),('15776','SUTAMARCHAN','15','A',1,'sisjorge',now(),now(),NULL),('15778','SUTATENZA','15','A',1,'sisjorge',now(),now(),NULL),('15790','TASCO','15','A',1,'sisjorge',now(),now(),NULL),('15798','TENZA','15','A',1,'sisjorge',now(),now(),NULL),('15804','TIBANA','15','A',1,'sisjorge',now(),now(),NULL),('15806','TIBASOSA','15','A',1,'sisjorge',now(),now(),NULL),('15808','TINJACA','15','A',1,'sisjorge',now(),now(),NULL),('15810','TIPACOQUE','15','A',1,'sisjorge',now(),now(),NULL),('15814','TOCA','15','A',1,'sisjorge',now(),now(),NULL),('15816','TOGUI','15','A',1,'sisjorge',now(),now(),NULL),('15820','TOPAGA','15','A',1,'sisjorge',now(),now(),NULL),('15822','TOTA','15','A',1,'sisjorge',now(),now(),NULL);
insert into `seg_ciudad`(`codigo_ciudad`,`nombre_ciudad`,`departamento_id`,`estado`,`motivo_id`,`usuario`,`fecha_creacion`,`fecha_modificacion`,`dirip`) values ('15832','TUNUNGUA','15','A',1,'sisjorge',now(),now(),NULL),('15835','TURMEQUE','15','A',1,'sisjorge',now(),now(),NULL),('15837','TUTA','15','A',1,'sisjorge',now(),now(),NULL),('15839','TUTAZA','15','A',1,'sisjorge',now(),now(),NULL),('15842','UMBITA','15','A',1,'sisjorge',now(),now(),NULL),('15861','VENTAQUEMADA','15','A',1,'sisjorge',now(),now(),NULL),('15879','VIRACACHA','15','A',1,'sisjorge',now(),now(),NULL),('15897','ZETAQUIRA','15','A',1,'sisjorge',now(),now(),NULL),('17001','MANIZALES','17','A',1,'sisjorge',now(),now(),NULL),('17013','AGUADAS','17','A',1,'sisjorge',now(),now(),NULL),('17042','ANSERMA','17','A',1,'sisjorge',now(),now(),NULL),('17050','ARANZAZU','17','A',1,'sisjorge',now(),now(),NULL),('17088','BELALCAZAR','17','A',1,'sisjorge',now(),now(),NULL),('17174','CHINCHINA','17','A',1,'sisjorge',now(),now(),NULL),('17272','FILADELFIA','17','A',1,'sisjorge',now(),now(),NULL),('17380','LA DORADA','17','A',1,'sisjorge',now(),now(),NULL);
insert into `seg_ciudad`(`codigo_ciudad`,`nombre_ciudad`,`departamento_id`,`estado`,`motivo_id`,`usuario`,`fecha_creacion`,`fecha_modificacion`,`dirip`) values ('17388','LA MERCED','17','A',1,'sisjorge',now(),now(),NULL),('17433','MANZANARES','17','A',1,'sisjorge',now(),now(),NULL),('17442','MARMATO','17','A',1,'sisjorge',now(),now(),NULL),('17444','MARQUETALIA','17','A',1,'sisjorge',now(),now(),NULL),('17446','MARULANDA','17','A',1,'sisjorge',now(),now(),NULL),('17486','NEIRA','17','A',1,'sisjorge',now(),now(),NULL),('17513','PACORA','17','A',1,'sisjorge',now(),now(),NULL),('17524','PALESTINA','17','A',1,'sisjorge',now(),now(),NULL),('17541','PENSILVANIA','17','A',1,'sisjorge',now(),now(),NULL),('17614','RIOSUCIO','17','A',1,'sisjorge',now(),now(),NULL),('17616','RISARALDA','17','A',1,'sisjorge',now(),now(),NULL),('17653','SALAMINA','17','A',1,'sisjorge',now(),now(),NULL),('17662','SAMANA','17','A',1,'sisjorge',now(),now(),NULL),('17777','SUPIA','17','A',1,'sisjorge',now(),now(),NULL),('17867','VICTORIA','17','A',1,'sisjorge',now(),now(),NULL),('17873','VILLAMARIA','17','A',1,'sisjorge',now(),now(),NULL);
insert into `seg_ciudad`(`codigo_ciudad`,`nombre_ciudad`,`departamento_id`,`estado`,`motivo_id`,`usuario`,`fecha_creacion`,`fecha_modificacion`,`dirip`) values ('17877','VITERBO','17','A',1,'sisjorge',now(),now(),NULL),('18001','FLORENCIA','18','A',1,'sisjorge',now(),now(),NULL),('18029','ALBANIA','18','A',1,'sisjorge',now(),now(),NULL),('18094','BELEN DE LOS ANDAQUIES','18','A',1,'sisjorge',now(),now(),NULL),('18150','CARTAGENA DEL CHAIRA','18','A',1,'sisjorge',now(),now(),NULL),('18205','CURRILLO','18','A',1,'sisjorge',now(),now(),NULL),('18247','EL DONCELLO','18','A',1,'sisjorge',now(),now(),NULL),('18256','EL PAUJIL','18','A',1,'sisjorge',now(),now(),NULL),('18410','LA MONTA','18','A',1,'sisjorge',now(),now(),NULL),('18460','MILAN','18','A',1,'sisjorge',now(),now(),NULL),('18479','MORELIA','18','A',1,'sisjorge',now(),now(),NULL),('18592','PUERTO RICO','18','A',1,'sisjorge',now(),now(),NULL),('18610','SAN JOSE DE LA FRAGUA','18','A',1,'sisjorge',now(),now(),NULL),('18753','SAN VICENTE DEL CAGUAN','18','A',1,'sisjorge',now(),now(),NULL),('18756','SOLANO','18','A',1,'sisjorge',now(),now(),NULL);
insert into `seg_ciudad`(`codigo_ciudad`,`nombre_ciudad`,`departamento_id`,`estado`,`motivo_id`,`usuario`,`fecha_creacion`,`fecha_modificacion`,`dirip`) values ('18785','SOLITA','18','A',1,'sisjorge',now(),now(),NULL),('18860','VALPARAISO','18','A',1,'sisjorge',now(),now(),NULL),('19001','POPAYAN','19','A',1,'sisjorge',now(),now(),NULL),('19022','ALMAGUER','19','A',1,'sisjorge',now(),now(),NULL),('19050','ARGELIA','19','A',1,'sisjorge',now(),now(),NULL),('19075','BALBOA','19','A',1,'sisjorge',now(),now(),NULL),('19100','BOLIVAR','19','A',1,'sisjorge',now(),now(),NULL),('19110','BUENOS AIRES','19','A',1,'sisjorge',now(),now(),NULL),('19130','CAJIBIO','19','A',1,'sisjorge',now(),now(),NULL),('19137','CALDONO','19','A',1,'sisjorge',now(),now(),NULL),('19142','CALOTO','19','A',1,'sisjorge',now(),now(),NULL),('19212','CORINTO','19','A',1,'sisjorge',now(),now(),NULL),('19256','EL TAMBO','19','A',1,'sisjorge',now(),now(),NULL),('19290','FLORENCIA','19','A',1,'sisjorge',now(),now(),NULL),('19318','GUAPI','19','A',1,'sisjorge',now(),now(),NULL),('19355','INZA','19','A',1,'sisjorge',now(),now(),NULL);
insert into `seg_ciudad`(`codigo_ciudad`,`nombre_ciudad`,`departamento_id`,`estado`,`motivo_id`,`usuario`,`fecha_creacion`,`fecha_modificacion`,`dirip`) values ('19364','JAMBALO','19','A',1,'sisjorge',now(),now(),NULL),('19392','LA SIERRA','19','A',1,'sisjorge',now(),now(),NULL),('19397','LA VEGA','19','A',1,'sisjorge',now(),now(),NULL),('19418','LOPEZ','19','A',1,'sisjorge',now(),now(),NULL),('19450','MERCADERES','19','A',1,'sisjorge',now(),now(),NULL),('19455','MIRANDA','19','A',1,'sisjorge',now(),now(),NULL),('19473','MORALES','19','A',1,'sisjorge',now(),now(),NULL),('19513','PADILLA','19','A',1,'sisjorge',now(),now(),NULL),('19517','PAEZ','19','A',1,'sisjorge',now(),now(),NULL),('19532','PATIA','19','A',1,'sisjorge',now(),now(),NULL),('19533','PIAMONTE','19','A',1,'sisjorge',now(),now(),NULL),('19548','PIENDAMO','19','A',1,'sisjorge',now(),now(),NULL),('19573','PUERTO TEJADA','19','A',1,'sisjorge',now(),now(),NULL),('19585','PURACE','19','A',1,'sisjorge',now(),now(),NULL),('19622','ROSAS','19','A',1,'sisjorge',now(),now(),NULL),('19693','SAN SEBASTIAN','19','A',1,'sisjorge',now(),now(),NULL);
insert into `seg_ciudad`(`codigo_ciudad`,`nombre_ciudad`,`departamento_id`,`estado`,`motivo_id`,`usuario`,`fecha_creacion`,`fecha_modificacion`,`dirip`) values ('19698','SANTANDER DE QUILICHAO','19','A',1,'sisjorge',now(),now(),NULL),('19701','SANTA ROSA','19','A',1,'sisjorge',now(),now(),NULL),('19743','SILVIA','19','A',1,'sisjorge',now(),now(),NULL),('19760','SOTARA','19','A',1,'sisjorge',now(),now(),NULL),('19780','SUAREZ','19','A',1,'sisjorge',now(),now(),NULL),('19807','TIMBIO','19','A',1,'sisjorge',now(),now(),NULL),('19809','TIMBIQUI','19','A',1,'sisjorge',now(),now(),NULL),('19821','TORIBIO','19','A',1,'sisjorge',now(),now(),NULL),('19824','TOTORO','19','A',1,'sisjorge',now(),now(),NULL),('20001','VALLEDUPAR','20','A',1,'sisjorge',now(),now(),NULL),('20011','AGUACHICA','20','A',1,'sisjorge',now(),now(),NULL),('20013','AGUSTIN CODAZZI','20','A',1,'sisjorge',now(),now(),NULL),('20032','ASTREA','20','A',1,'sisjorge',now(),now(),NULL),('20035','BECERRIL','20','A',1,'sisjorge',now(),now(),NULL),('20060','BOSCONIA','20','A',1,'sisjorge',now(),now(),NULL),('20175','CHIMICHAGUA','20','A',1,'sisjorge',now(),now(),NULL);
insert into `seg_ciudad`(`codigo_ciudad`,`nombre_ciudad`,`departamento_id`,`estado`,`motivo_id`,`usuario`,`fecha_creacion`,`fecha_modificacion`,`dirip`) values ('20178','CHIRIGUANA','20','A',1,'sisjorge',now(),now(),NULL),('20228','CURUMANI','20','A',1,'sisjorge',now(),now(),NULL),('20238','EL COPEY','20','A',1,'sisjorge',now(),now(),NULL),('20250','EL PASO','20','A',1,'sisjorge',now(),now(),NULL),('20295','GAMARRA','20','A',1,'sisjorge',now(),now(),NULL),('20310','GONZALEZ','20','A',1,'sisjorge',now(),now(),NULL),('20383','LA GLORIA','20','A',1,'sisjorge',now(),now(),NULL),('20400','LA JAGUA DE IBIRICO','20','A',1,'sisjorge',now(),now(),NULL),('20443','MANAURE','20','A',1,'sisjorge',now(),now(),NULL),('20517','PAILITAS','20','A',1,'sisjorge',now(),now(),NULL),('20550','PELAYA','20','A',1,'sisjorge',now(),now(),NULL),('20614','RIO DE ORO','20','A',1,'sisjorge',now(),now(),NULL),('20621','LA PAZ','20','A',1,'sisjorge',now(),now(),NULL),('20710','SAN ALBERTO','20','A',1,'sisjorge',now(),now(),NULL),('20750','SAN DIEGO','20','A',1,'sisjorge',now(),now(),NULL);
insert into `seg_ciudad`(`codigo_ciudad`,`nombre_ciudad`,`departamento_id`,`estado`,`motivo_id`,`usuario`,`fecha_creacion`,`fecha_modificacion`,`dirip`) values ('20770','SAN MARTIN','20','A',1,'sisjorge',now(),now(),NULL),('20787','TAMALAMEQUE','20','A',1,'sisjorge',now(),now(),NULL),('23001','MONTERIA','23','A',1,'sisjorge',now(),now(),NULL),('23068','AYAPEL','23','A',1,'sisjorge',now(),now(),NULL),('23079','BUENAVISTA','23','A',1,'sisjorge',now(),now(),NULL),('23090','CANALETE','23','A',1,'sisjorge',now(),now(),NULL),('23162','CERETE','23','A',1,'sisjorge',now(),now(),NULL),('23168','CHIMA','23','A',1,'sisjorge',now(),now(),NULL),('23182','CHINU','23','A',1,'sisjorge',now(),now(),NULL),('23189','CIENAGA DE ORO','23','A',1,'sisjorge',now(),now(),NULL),('23417','LORICA','23','A',1,'sisjorge',now(),now(),NULL),('23419','LOS CORDOBAS','23','A',1,'sisjorge',now(),now(),NULL),('23464','MOMIL','23','A',1,'sisjorge',now(),now(),NULL),('23466','MONTELIBANO','23','A',1,'sisjorge',now(),now(),NULL),('23500','MO','23','A',1,'sisjorge',now(),now(),NULL),('23555','PLANETA RICA','23','A',1,'sisjorge',now(),now(),NULL);
insert into `seg_ciudad`(`codigo_ciudad`,`nombre_ciudad`,`departamento_id`,`estado`,`motivo_id`,`usuario`,`fecha_creacion`,`fecha_modificacion`,`dirip`) values ('23570','PUEBLO NUEVO','23','A',1,'sisjorge',now(),now(),NULL),('23574','PUERTO ESCONDIDO','23','A',1,'sisjorge',now(),now(),NULL),('23580','PUERTO LIBERTADOR','23','A',1,'sisjorge',now(),now(),NULL),('23586','PURISIMA','23','A',1,'sisjorge',now(),now(),NULL),('23660','SAHAGUN','23','A',1,'sisjorge',now(),now(),NULL),('23670','SAN ANDRES DE SOTAVENTO','23','A',1,'sisjorge',now(),now(),NULL),('23672','SAN ANTERO','23','A',1,'sisjorge',now(),now(),NULL),('23675','SAN BERNARDO DEL VIENTO','23','A',1,'sisjorge',now(),now(),NULL),('23678','SAN CARLOS','23','A',1,'sisjorge',now(),now(),NULL),('23686','SAN PELAYO','23','A',1,'sisjorge',now(),now(),NULL),('23807','TIERRALTA','23','A',1,'sisjorge',now(),now(),NULL),('25001','AGUA DE DIOS -BOGOTA-','25','A',1,'sisjorge',now(),now(),NULL),('25019','ALBAN','25','A',1,'sisjorge',now(),now(),NULL),('25035','ANAPOIMA','25','A',1,'sisjorge',now(),now(),NULL),('25040','ANOLAIMA','25','A',1,'sisjorge',now(),now(),NULL);
insert into `seg_ciudad`(`codigo_ciudad`,`nombre_ciudad`,`departamento_id`,`estado`,`motivo_id`,`usuario`,`fecha_creacion`,`fecha_modificacion`,`dirip`) values ('25053','ARBELAEZ','25','A',1,'sisjorge',now(),now(),NULL),('25086','BELTRAN','25','A',1,'sisjorge',now(),now(),NULL),('25095','BITUIMA','25','A',1,'sisjorge',now(),now(),NULL),('25099','BOJACA','25','A',1,'sisjorge',now(),now(),NULL),('25120','CABRERA','25','A',1,'sisjorge',now(),now(),NULL),('25123','CACHIPAY','25','A',1,'sisjorge',now(),now(),NULL),('25126','CAJICA','25','A',1,'sisjorge',now(),now(),NULL),('25148','CAPARRAPI','25','A',1,'sisjorge',now(),now(),NULL),('25151','CAQUEZA','25','A',1,'sisjorge',now(),now(),NULL),('25154','CARMEN DE CARUPA','25','A',1,'sisjorge',now(),now(),NULL),('25168','CHAGUANI','25','A',1,'sisjorge',now(),now(),NULL),('25175','CHIA','25','A',1,'sisjorge',now(),now(),NULL),('25178','CHIPAQUE','25','A',1,'sisjorge',now(),now(),NULL),('25181','CHOACHI','25','A',1,'sisjorge',now(),now(),NULL),('25183','CHOCONTA','25','A',1,'sisjorge',now(),now(),NULL),('25200','COGUA','25','A',1,'sisjorge',now(),now(),NULL);
insert into `seg_ciudad`(`codigo_ciudad`,`nombre_ciudad`,`departamento_id`,`estado`,`motivo_id`,`usuario`,`fecha_creacion`,`fecha_modificacion`,`dirip`) values ('25214','COTA','25','A',1,'sisjorge',now(),now(),NULL),('25224','CUCUNUBA','25','A',1,'sisjorge',now(),now(),NULL),('25245','EL COLEGIO','25','A',1,'sisjorge',now(),now(),NULL),('25248','EL PE','25','A',1,'sisjorge',now(),now(),NULL),('25269','FACATATIVA','25','A',1,'sisjorge',now(),now(),NULL),('25279','FOMEQUE','25','A',1,'sisjorge',now(),now(),NULL),('25281','FOSCA','25','A',1,'sisjorge',now(),now(),NULL),('25286','FUNZA','25','A',1,'sisjorge',now(),now(),NULL),('25288','FUQUENE','25','A',1,'sisjorge',now(),now(),NULL),('25290','FUSAGASUGA','25','A',1,'sisjorge',now(),now(),NULL),('25293','GACHALA','25','A',1,'sisjorge',now(),now(),NULL),('25295','GACHANCIPA','25','A',1,'sisjorge',now(),now(),NULL),('25297','GACHETA','25','A',1,'sisjorge',now(),now(),NULL),('25299','GAMA','25','A',1,'sisjorge',now(),now(),NULL),('25307','GIRARDOT','25','A',1,'sisjorge',now(),now(),NULL),('25312','GRANADA','25','A',1,'sisjorge',now(),now(),NULL);
insert into `seg_ciudad`(`codigo_ciudad`,`nombre_ciudad`,`departamento_id`,`estado`,`motivo_id`,`usuario`,`fecha_creacion`,`fecha_modificacion`,`dirip`) values ('25317','GUACHETA','25','A',1,'sisjorge',now(),now(),NULL),('25320','GUADUAS','25','A',1,'sisjorge',now(),now(),NULL),('25322','GUASCA','25','A',1,'sisjorge',now(),now(),NULL),('25324','GUATAQUI','25','A',1,'sisjorge',now(),now(),NULL),('25326','GUATAVITA','25','A',1,'sisjorge',now(),now(),NULL),('25328','GUAYABAL DE SIQUIMA','25','A',1,'sisjorge',now(),now(),NULL),('25335','GUAYABETAL','25','A',1,'sisjorge',now(),now(),NULL),('25339','GUTIERREZ','25','A',1,'sisjorge',now(),now(),NULL),('25368','JERUSALEM','25','A',1,'sisjorge',now(),now(),NULL),('25372','JUNIN','25','A',1,'sisjorge',now(),now(),NULL),('25377','LA CALERA','25','A',1,'sisjorge',now(),now(),NULL),('25386','LA MESA','25','A',1,'sisjorge',now(),now(),NULL),('25394','LA PALMA','25','A',1,'sisjorge',now(),now(),NULL),('25398','LA PE','25','A',1,'sisjorge',now(),now(),NULL),('25402','LA VEGA','25','A',1,'sisjorge',now(),now(),NULL);
insert into `seg_ciudad`(`codigo_ciudad`,`nombre_ciudad`,`departamento_id`,`estado`,`motivo_id`,`usuario`,`fecha_creacion`,`fecha_modificacion`,`dirip`) values ('25407','LENGUAZAQUE','25','A',1,'sisjorge',now(),now(),NULL),('25426','MACHETA','25','A',1,'sisjorge',now(),now(),NULL),('25430','MADRID','25','A',1,'sisjorge',now(),now(),NULL),('25436','MANTA','25','A',1,'sisjorge',now(),now(),NULL),('25438','MEDINA','25','A',1,'sisjorge',now(),now(),NULL),('25473','MOSQUERA','25','A',1,'sisjorge',now(),now(),NULL),('25483','NARI','25','A',1,'sisjorge',now(),now(),NULL),('25486','NEMOCON','25','A',1,'sisjorge',now(),now(),NULL),('25488','NILO','25','A',1,'sisjorge',now(),now(),NULL),('25489','NIMAIMA','25','A',1,'sisjorge',now(),now(),NULL),('25491','NOCAIMA','25','A',1,'sisjorge',now(),now(),NULL),('25506','OSPINA PEREZ','25','A',1,'sisjorge',now(),now(),NULL),('25513','PACHO','25','A',1,'sisjorge',now(),now(),NULL),('25518','PAIME','25','A',1,'sisjorge',now(),now(),NULL),('25524','PANDI','25','A',1,'sisjorge',now(),now(),NULL),('25530','PARATEBUENO','25','A',1,'sisjorge',now(),now(),NULL);
insert into `seg_ciudad`(`codigo_ciudad`,`nombre_ciudad`,`departamento_id`,`estado`,`motivo_id`,`usuario`,`fecha_creacion`,`fecha_modificacion`,`dirip`) values ('25535','PASCA','25','A',1,'sisjorge',now(),now(),NULL),('25572','PUERTO SALGAR','25','A',1,'sisjorge',now(),now(),NULL),('25580','PULI','25','A',1,'sisjorge',now(),now(),NULL),('25592','QUEBRADANEGRA','25','A',1,'sisjorge',now(),now(),NULL),('25594','QUETAME','25','A',1,'sisjorge',now(),now(),NULL),('25596','QUIPILE','25','A',1,'sisjorge',now(),now(),NULL),('25599','RAFAEL REYES','25','A',1,'sisjorge',now(),now(),NULL),('25612','RICAURTE','25','A',1,'sisjorge',now(),now(),NULL),('25645','SAN ANTONIO DE TENA','25','A',1,'sisjorge',now(),now(),NULL),('25649','SAN BERNARDO','25','A',1,'sisjorge',now(),now(),NULL),('25653','SAN CAYETANO','25','A',1,'sisjorge',now(),now(),NULL),('25658','SAN FRANCISCO','25','A',1,'sisjorge',now(),now(),NULL),('25662','SAN JUAN DE RIOSECO','25','A',1,'sisjorge',now(),now(),NULL),('25718','SASAIMA','25','A',1,'sisjorge',now(),now(),NULL),('25736','SESQUILE','25','A',1,'sisjorge',now(),now(),NULL);
insert into `seg_ciudad`(`codigo_ciudad`,`nombre_ciudad`,`departamento_id`,`estado`,`motivo_id`,`usuario`,`fecha_creacion`,`fecha_modificacion`,`dirip`) values ('25740','SIBATE','25','A',1,'sisjorge',now(),now(),NULL),('25743','SILVANIA','25','A',1,'sisjorge',now(),now(),NULL),('25745','SIMIJACA','25','A',1,'sisjorge',now(),now(),NULL),('25754','SOACHA','25','A',1,'sisjorge',now(),now(),NULL),('25758','SOPO','25','A',1,'sisjorge',now(),now(),NULL),('25769','SUBACHOQUE','25','A',1,'sisjorge',now(),now(),NULL),('25772','SUESCA','25','A',1,'sisjorge',now(),now(),NULL),('25777','SUPATA','25','A',1,'sisjorge',now(),now(),NULL),('25779','SUSA','25','A',1,'sisjorge',now(),now(),NULL),('25781','SUTATAUSA','25','A',1,'sisjorge',now(),now(),NULL),('25785','TABIO','25','A',1,'sisjorge',now(),now(),NULL),('25793','TAUSA','25','A',1,'sisjorge',now(),now(),NULL),('25797','TENA','25','A',1,'sisjorge',now(),now(),NULL),('25799','TENJO','25','A',1,'sisjorge',now(),now(),NULL),('25805','TIBACUY','25','A',1,'sisjorge',now(),now(),NULL),('25807','TIBIRITA','25','A',1,'sisjorge',now(),now(),NULL);
insert into `seg_ciudad`(`codigo_ciudad`,`nombre_ciudad`,`departamento_id`,`estado`,`motivo_id`,`usuario`,`fecha_creacion`,`fecha_modificacion`,`dirip`) values ('25815','TOCAIMA','25','A',1,'sisjorge',now(),now(),NULL),('25817','TOCANCIPA','25','A',1,'sisjorge',now(),now(),NULL),('25823','TOPAIPI','25','A',1,'sisjorge',now(),now(),NULL),('25839','UBALA','25','A',1,'sisjorge',now(),now(),NULL),('25841','UBAQUE','25','A',1,'sisjorge',now(),now(),NULL),('25843','UBATE','25','A',1,'sisjorge',now(),now(),NULL),('25845','UNE','25','A',1,'sisjorge',now(),now(),NULL),('25851','UTICA','25','A',1,'sisjorge',now(),now(),NULL),('25862','VERGARA','25','A',1,'sisjorge',now(),now(),NULL),('25867','VIANI','25','A',1,'sisjorge',now(),now(),NULL),('25871','VILLAGOMEZ','25','A',1,'sisjorge',now(),now(),NULL),('25873','VILLAPINZON','25','A',1,'sisjorge',now(),now(),NULL),('25875','VILLETA','25','A',1,'sisjorge',now(),now(),NULL),('25878','VIOTA','25','A',1,'sisjorge',now(),now(),NULL),('25885','YACOPI','25','A',1,'sisjorge',now(),now(),NULL),('25898','ZIPACON','25','A',1,'sisjorge',now(),now(),NULL);
insert into `seg_ciudad`(`codigo_ciudad`,`nombre_ciudad`,`departamento_id`,`estado`,`motivo_id`,`usuario`,`fecha_creacion`,`fecha_modificacion`,`dirip`) values ('25899','ZIPAQUIRA','25','A',1,'sisjorge',now(),now(),NULL),('27001','QUIBDO','27','A',1,'sisjorge',now(),now(),NULL),('27006','ACANDI','27','A',1,'sisjorge',now(),now(),NULL),('27025','ALTO BAUDO','27','A',1,'sisjorge',now(),now(),NULL),('27073','BAGADO','27','A',1,'sisjorge',now(),now(),NULL),('27075','BAHIA SOLANO','27','A',1,'sisjorge',now(),now(),NULL),('27077','BAJO BAUDO','27','A',1,'sisjorge',now(),now(),NULL),('27099','BOJAYA','27','A',1,'sisjorge',now(),now(),NULL),('27135','EL CANTON DE SAN PABLO','27','A',1,'sisjorge',now(),now(),NULL),('27205','CONDOTO','27','A',1,'sisjorge',now(),now(),NULL),('27245','EL CARMEN DE ATRATO','27','A',1,'sisjorge',now(),now(),NULL),('27250','LITORAL DEL BAJO SAN JUAN','27','A',1,'sisjorge',now(),now(),NULL),('27361','ITSMINA','27','A',1,'sisjorge',now(),now(),NULL),('27372','JURADO','27','A',1,'sisjorge',now(),now(),NULL),('27413','LLORO','27','A',1,'sisjorge',now(),now(),NULL);
insert into `seg_ciudad`(`codigo_ciudad`,`nombre_ciudad`,`departamento_id`,`estado`,`motivo_id`,`usuario`,`fecha_creacion`,`fecha_modificacion`,`dirip`) values ('27491','NOVITA','27','A',1,'sisjorge',now(),now(),NULL),('27495','NUQUI','27','A',1,'sisjorge',now(),now(),NULL),('27615','RIOSUCIO','27','A',1,'sisjorge',now(),now(),NULL),('27660','SAN JOSE DEL PALMAR','27','A',1,'sisjorge',now(),now(),NULL),('27745','SIPI','27','A',1,'sisjorge',now(),now(),NULL),('27787','TADO','27','A',1,'sisjorge',now(),now(),NULL),('27800','UNGUIA','27','A',1,'sisjorge',now(),now(),NULL),('41001','NEIVA','41','A',1,'sisjorge',now(),now(),NULL),('41006','ACEVEDO','41','A',1,'sisjorge',now(),now(),NULL),('41013','AGRADO','41','A',1,'sisjorge',now(),now(),NULL),('41016','AIPE','41','A',1,'sisjorge',now(),now(),NULL),('41020','ALGECIRAS','41','A',1,'sisjorge',now(),now(),NULL),('41026','ALTAMIRA','41','A',1,'sisjorge',now(),now(),NULL),('41078','BARAYA','41','A',1,'sisjorge',now(),now(),NULL),('41132','CAMPOALEGRE','41','A',1,'sisjorge',now(),now(),NULL),('41206','COLOMBIA','41','A',1,'sisjorge',now(),now(),NULL);
insert into `seg_ciudad`(`codigo_ciudad`,`nombre_ciudad`,`departamento_id`,`estado`,`motivo_id`,`usuario`,`fecha_creacion`,`fecha_modificacion`,`dirip`) values ('41244','ELIAS','41','A',1,'sisjorge',now(),now(),NULL),('41298','GARZON','41','A',1,'sisjorge',now(),now(),NULL),('41306','GIGANTE','41','A',1,'sisjorge',now(),now(),NULL),('41319','GUADALUPE','41','A',1,'sisjorge',now(),now(),NULL),('41349','HOBO','41','A',1,'sisjorge',now(),now(),NULL),('41357','IQUIRA','41','A',1,'sisjorge',now(),now(),NULL),('41359','ISNOS','41','A',1,'sisjorge',now(),now(),NULL),('41378','LA ARGENTINA','41','A',1,'sisjorge',now(),now(),NULL),('41396','LA PLATA','41','A',1,'sisjorge',now(),now(),NULL),('41483','NATAGA','41','A',1,'sisjorge',now(),now(),NULL),('41503','OPORAPA','41','A',1,'sisjorge',now(),now(),NULL),('41518','PAICOL','41','A',1,'sisjorge',now(),now(),NULL),('41524','PALERMO','41','A',1,'sisjorge',now(),now(),NULL),('41530','PALESTINA','41','A',1,'sisjorge',now(),now(),NULL),('41548','PITAL','41','A',1,'sisjorge',now(),now(),NULL),('41551','PITALITO','41','A',1,'sisjorge',now(),now(),NULL);
insert into `seg_ciudad`(`codigo_ciudad`,`nombre_ciudad`,`departamento_id`,`estado`,`motivo_id`,`usuario`,`fecha_creacion`,`fecha_modificacion`,`dirip`) values ('41615','RIVERA','41','A',1,'sisjorge',now(),now(),NULL),('41660','SALADOBLANCO','41','A',1,'sisjorge',now(),now(),NULL),('41668','SAN AGUSTIN','41','A',1,'sisjorge',now(),now(),NULL),('41676','SANTA MARIA','41','A',1,'sisjorge',now(),now(),NULL),('41770','SUAZA','41','A',1,'sisjorge',now(),now(),NULL),('41791','TARQUI','41','A',1,'sisjorge',now(),now(),NULL),('41797','TESALIA','41','A',1,'sisjorge',now(),now(),NULL),('41799','TELLO','41','A',1,'sisjorge',now(),now(),NULL),('41801','TERUEL','41','A',1,'sisjorge',now(),now(),NULL),('41807','TIMANA','41','A',1,'sisjorge',now(),now(),NULL),('41872','VILLAVIEJA','41','A',1,'sisjorge',now(),now(),NULL),('41885','YAGUARA','41','A',1,'sisjorge',now(),now(),NULL),('44001','RIOHACHA','44','A',1,'sisjorge',now(),now(),NULL),('44078','BARRANCAS','44','A',1,'sisjorge',now(),now(),NULL),('44090','DIBULLA','44','A',1,'sisjorge',now(),now(),NULL),('44098','DISTRACCION','44','A',1,'sisjorge',now(),now(),NULL);
insert into `seg_ciudad`(`codigo_ciudad`,`nombre_ciudad`,`departamento_id`,`estado`,`motivo_id`,`usuario`,`fecha_creacion`,`fecha_modificacion`,`dirip`) values ('44110','EL MOLINO','44','A',1,'sisjorge',now(),now(),NULL),('44279','FONSECA','44','A',1,'sisjorge',now(),now(),NULL),('44378','HATONUEVO','44','A',1,'sisjorge',now(),now(),NULL),('44430','MAICAO','44','A',1,'sisjorge',now(),now(),NULL),('44560','MANAURE','44','A',1,'sisjorge',now(),now(),NULL),('44650','SAN JUAN DEL CESAR','44','A',1,'sisjorge',now(),now(),NULL),('44847','URIBIA','44','A',1,'sisjorge',now(),now(),NULL),('44855','URUMITA','44','A',1,'sisjorge',now(),now(),NULL),('44874','VILLANUEVA','44','A',1,'sisjorge',now(),now(),NULL),('47001','SANTA MARTA','47','A',1,'sisjorge',now(),now(),NULL),('47052','ARACATACA','47','A',1,'sisjorge',now(),now(),NULL),('47058','ARIGUANI','47','A',1,'sisjorge',now(),now(),NULL),('47161','CERRO SAN ANTONIO','47','A',1,'sisjorge',now(),now(),NULL),('47170','CHIVOLO','47','A',1,'sisjorge',now(),now(),NULL),('47189','CIENAGA','47','A',1,'sisjorge',now(),now(),NULL);
insert into `seg_ciudad`(`codigo_ciudad`,`nombre_ciudad`,`departamento_id`,`estado`,`motivo_id`,`usuario`,`fecha_creacion`,`fecha_modificacion`,`dirip`) values ('47245','EL BANCO','47','A',1,'sisjorge',now(),now(),NULL),('47258','EL PI','47','A',1,'sisjorge',now(),now(),NULL),('47268','EL RETEN','47','A',1,'sisjorge',now(),now(),NULL),('47288','FUNDACION','47','A',1,'sisjorge',now(),now(),NULL),('47318','GUAMAL','47','A',1,'sisjorge',now(),now(),NULL),('47541','PEDRAZA','47','A',1,'sisjorge',now(),now(),NULL),('47545','PIJI','47','A',1,'sisjorge',now(),now(),NULL),('47551','PIVIJAY','47','A',1,'sisjorge',now(),now(),NULL),('47555','PLATO','47','A',1,'sisjorge',now(),now(),NULL),('47570','PUEBLO VIEJO','47','A',1,'sisjorge',now(),now(),NULL),('47605','REMOLINO','47','A',1,'sisjorge',now(),now(),NULL),('47675','SALAMINA','47','A',1,'sisjorge',now(),now(),NULL),('47692','SAN SEBASTIAN BUENAVISTA','47','A',1,'sisjorge',now(),now(),NULL),('47703','SAN ZENON','47','A',1,'sisjorge',now(),now(),NULL),('47707','SANTA ANA','47','A',1,'sisjorge',now(),now(),NULL);
insert into `seg_ciudad`(`codigo_ciudad`,`nombre_ciudad`,`departamento_id`,`estado`,`motivo_id`,`usuario`,`fecha_creacion`,`fecha_modificacion`,`dirip`) values ('47745','SITIONUEVO','47','A',1,'sisjorge',now(),now(),NULL),('47798','TENERIFE','47','A',1,'sisjorge',now(),now(),NULL),('50001','VILLAVICENCIO','50','A',1,'sisjorge',now(),now(),NULL),('50006','ACACIAS','50','A',1,'sisjorge',now(),now(),NULL),('50110','BARRANCA DE UPIA','50','A',1,'sisjorge',now(),now(),NULL),('50124','CABUYARO','50','A',1,'sisjorge',now(),now(),NULL),('50201','CASTILLA LA NUEVA','50','A',1,'sisjorge',now(),now(),NULL),('50223','SAN LUIS DE CUBARRAL','50','A',1,'sisjorge',now(),now(),NULL),('50226','CUMARAL','50','A',1,'sisjorge',now(),now(),NULL),('50245','EL CALVARIO','50','A',1,'sisjorge',now(),now(),NULL),('50251','EL CASTILLO','50','A',1,'sisjorge',now(),now(),NULL),('50270','EL DORADO','50','A',1,'sisjorge',now(),now(),NULL),('50287','FUENTE DE ORO','50','A',1,'sisjorge',now(),now(),NULL),('50313','GRANADA','50','A',1,'sisjorge',now(),now(),NULL),('50318','GUAMAL','50','A',1,'sisjorge',now(),now(),NULL);
insert into `seg_ciudad`(`codigo_ciudad`,`nombre_ciudad`,`departamento_id`,`estado`,`motivo_id`,`usuario`,`fecha_creacion`,`fecha_modificacion`,`dirip`) values ('50325','MAPIRIPAN','50','A',1,'sisjorge',now(),now(),NULL),('50330','MESETAS','50','A',1,'sisjorge',now(),now(),NULL),('50370','LA URIBE','50','A',1,'sisjorge',now(),now(),NULL),('50400','LEJANIAS','50','A',1,'sisjorge',now(),now(),NULL),('50503','LA MACARENA','50','A',1,'sisjorge',now(),now(),NULL),('50504','PUERTO CONCORDIA','50','A',1,'sisjorge',now(),now(),NULL),('50568','PUERTO GAITAN','50','A',1,'sisjorge',now(),now(),NULL),('50573','PUERTO LOPEZ','50','A',1,'sisjorge',now(),now(),NULL),('50577','PUERTO ','50','A',1,'sisjorge',now(),now(),NULL),('50590','PUERTO RICO','50','A',1,'sisjorge',now(),now(),NULL),('50606','RESTREPO','50','A',1,'sisjorge',now(),now(),NULL),('50680','SAN CARLOS GUAROA','50','A',1,'sisjorge',now(),now(),NULL),('50683','SAN JUAN DE ARAMA','50','A',1,'sisjorge',now(),now(),NULL),('50686','SAN JUANITO','50','A',1,'sisjorge',now(),now(),NULL),('50689','SAN MARTIN','50','A',1,'sisjorge',now(),now(),NULL);
insert into `seg_ciudad`(`codigo_ciudad`,`nombre_ciudad`,`departamento_id`,`estado`,`motivo_id`,`usuario`,`fecha_creacion`,`fecha_modificacion`,`dirip`) values ('50711','VISTA HERMOSA','50','A',1,'sisjorge',now(),now(),NULL),('52001','PASTO','52','A',1,'sisjorge',now(),now(),NULL),('52019','ALBAN','52','A',1,'sisjorge',now(),now(),NULL),('52022','ALDANA','52','A',1,'sisjorge',now(),now(),NULL),('52036','ANCUYA','52','A',1,'sisjorge',now(),now(),NULL),('52051','ARBOLEDA','52','A',1,'sisjorge',now(),now(),NULL),('52079','BARBACOAS','52','A',1,'sisjorge',now(),now(),NULL),('52083','BELEN','52','A',1,'sisjorge',now(),now(),NULL),('52110','BUESACO','52','A',1,'sisjorge',now(),now(),NULL),('52203','COLON','52','A',1,'sisjorge',now(),now(),NULL),('52207','CONSACA','52','A',1,'sisjorge',now(),now(),NULL),('52210','CONTADERO','52','A',1,'sisjorge',now(),now(),NULL),('52215','CORDOBA','52','A',1,'sisjorge',now(),now(),NULL),('52224','CUASPUD','52','A',1,'sisjorge',now(),now(),NULL),('52227','CUMBAL','52','A',1,'sisjorge',now(),now(),NULL),('52233','CUMBITARA','52','A',1,'sisjorge',now(),now(),NULL);
insert into `seg_ciudad`(`codigo_ciudad`,`nombre_ciudad`,`departamento_id`,`estado`,`motivo_id`,`usuario`,`fecha_creacion`,`fecha_modificacion`,`dirip`) values ('52240','CHACHAGUI','52','A',1,'sisjorge',now(),now(),NULL),('52250','EL CHARCO','52','A',1,'sisjorge',now(),now(),NULL),('52256','EL ROSARIO','52','A',1,'sisjorge',now(),now(),NULL),('52258','EL TABLON','52','A',1,'sisjorge',now(),now(),NULL),('52260','EL TAMBO','52','A',1,'sisjorge',now(),now(),NULL),('52287','FUNES','52','A',1,'sisjorge',now(),now(),NULL),('52317','GUACHUCAL','52','A',1,'sisjorge',now(),now(),NULL),('52320','GUAITARILLA','52','A',1,'sisjorge',now(),now(),NULL),('52323','GUALMATAN','52','A',1,'sisjorge',now(),now(),NULL),('52354','IMUES','52','A',1,'sisjorge',now(),now(),NULL),('52356','IPIALES','52','A',1,'sisjorge',now(),now(),NULL),('52378','LA CRUZ','52','A',1,'sisjorge',now(),now(),NULL),('52381','LA FLORIDA','52','A',1,'sisjorge',now(),now(),NULL),('52385','LA LLANADA','52','A',1,'sisjorge',now(),now(),NULL),('52390','LA TOLA','52','A',1,'sisjorge',now(),now(),NULL),('52399','LA UNION','52','A',1,'sisjorge',now(),now(),NULL);
insert into `seg_ciudad`(`codigo_ciudad`,`nombre_ciudad`,`departamento_id`,`estado`,`motivo_id`,`usuario`,`fecha_creacion`,`fecha_modificacion`,`dirip`) values ('52405','LEIVA','52','A',1,'sisjorge',now(),now(),NULL),('52411','LINARES','52','A',1,'sisjorge',now(),now(),NULL),('52418','LOS ANDES','52','A',1,'sisjorge',now(),now(),NULL),('52427','MAGUI','52','A',1,'sisjorge',now(),now(),NULL),('52435','MALLAMA','52','A',1,'sisjorge',now(),now(),NULL),('52473','MOSQUERA','52','A',1,'sisjorge',now(),now(),NULL),('52490','OLAYA HERRERA','52','A',1,'sisjorge',now(),now(),NULL),('52506','OSPINA','52','A',1,'sisjorge',now(),now(),NULL),('52520','FRANCISCO PIZARRO','52','A',1,'sisjorge',now(),now(),NULL),('52523','IIES','52','A',1,'sisjorge',now(),now(),NULL),('52540','POLICARPA','52','A',1,'sisjorge',now(),now(),NULL),('52560','POTOSI','52','A',1,'sisjorge',now(),now(),NULL),('52565','PROVIDENCIA','52','A',1,'sisjorge',now(),now(),NULL),('52573','PUERRES','52','A',1,'sisjorge',now(),now(),NULL),('52585','PUPIALES','52','A',1,'sisjorge',now(),now(),NULL),('52612','RICAURTE','52','A',1,'sisjorge',now(),now(),NULL);
insert into `seg_ciudad`(`codigo_ciudad`,`nombre_ciudad`,`departamento_id`,`estado`,`motivo_id`,`usuario`,`fecha_creacion`,`fecha_modificacion`,`dirip`) values ('52621','ROBERTO PAYAN','52','A',1,'sisjorge',now(),now(),NULL),('52678','SAMANIEGO','52','A',1,'sisjorge',now(),now(),NULL),('52683','SANDONA','52','A',1,'sisjorge',now(),now(),NULL),('52685','SAN BERNARDO','52','A',1,'sisjorge',now(),now(),NULL),('52687','SAN LORENZO','52','A',1,'sisjorge',now(),now(),NULL),('52693','SAN PABLO','52','A',1,'sisjorge',now(),now(),NULL),('52694','SAN PEDRO DE CARTAGO','52','A',1,'sisjorge',now(),now(),NULL),('52696','SANTA BARBARA','52','A',1,'sisjorge',now(),now(),NULL),('52699','SANTACRUZ','52','A',1,'sisjorge',now(),now(),NULL),('52720','SAPUYES','52','A',1,'sisjorge',now(),now(),NULL),('52786','TAMINANGO','52','A',1,'sisjorge',now(),now(),NULL),('52788','TANGUA','52','A',1,'sisjorge',now(),now(),NULL),('52835','TUMACO','52','A',1,'sisjorge',now(),now(),NULL),('52838','TUQUERRES','52','A',1,'sisjorge',now(),now(),NULL),('52885','YUCUANQUER','52','A',1,'sisjorge',now(),now(),NULL);
insert into `seg_ciudad`(`codigo_ciudad`,`nombre_ciudad`,`departamento_id`,`estado`,`motivo_id`,`usuario`,`fecha_creacion`,`fecha_modificacion`,`dirip`) values ('54001','CUCUTA','54','A',1,'sisjorge',now(),now(),NULL),('54003','ABREGO','54','A',1,'sisjorge',now(),now(),NULL),('54051','ARBOLEDAS','54','A',1,'sisjorge',now(),now(),NULL),('54099','BOCHALEMA','54','A',1,'sisjorge',now(),now(),NULL),('54109','BUCARASICA','54','A',1,'sisjorge',now(),now(),NULL),('54125','CACOTA','54','A',1,'sisjorge',now(),now(),NULL),('54128','CACHIRA','54','A',1,'sisjorge',now(),now(),NULL),('54172','CHINACOTA','54','A',1,'sisjorge',now(),now(),NULL),('54174','CHITAGA','54','A',1,'sisjorge',now(),now(),NULL),('54206','CONVENCION','54','A',1,'sisjorge',now(),now(),NULL),('54223','CUCUTILLA','54','A',1,'sisjorge',now(),now(),NULL),('54239','DURANIA','54','A',1,'sisjorge',now(),now(),NULL),('54245','EL CARMEN','54','A',1,'sisjorge',now(),now(),NULL),('54250','EL TARRA','54','A',1,'sisjorge',now(),now(),NULL),('54261','EL ZULIA','54','A',1,'sisjorge',now(),now(),NULL),('54313','GRAMALOTE','54','A',1,'sisjorge',now(),now(),NULL);
insert into `seg_ciudad`(`codigo_ciudad`,`nombre_ciudad`,`departamento_id`,`estado`,`motivo_id`,`usuario`,`fecha_creacion`,`fecha_modificacion`,`dirip`) values ('54344','HACARI','54','A',1,'sisjorge',now(),now(),NULL),('54347','HERRAN','54','A',1,'sisjorge',now(),now(),NULL),('54377','LABATECA','54','A',1,'sisjorge',now(),now(),NULL),('54385','LA ESPERANZA','54','A',1,'sisjorge',now(),now(),NULL),('54398','LA PLAYA','54','A',1,'sisjorge',now(),now(),NULL),('54405','LOS PATIOS','54','A',1,'sisjorge',now(),now(),NULL),('54418','LOURDES','54','A',1,'sisjorge',now(),now(),NULL),('54480','MUTISCUA','54','A',1,'sisjorge',now(),now(),NULL),('54498','OCA','54','A',1,'sisjorge',now(),now(),NULL),('54518','PAMPLONA','54','A',1,'sisjorge',now(),now(),NULL),('54520','PAMPLONITA','54','A',1,'sisjorge',now(),now(),NULL),('54553','PUERTO SANTANDER','54','A',1,'sisjorge',now(),now(),NULL),('54599','RAGONVALIA','54','A',1,'sisjorge',now(),now(),NULL),('54660','SALAZAR','54','A',1,'sisjorge',now(),now(),NULL),('54670','SAN CALIXTO','54','A',1,'sisjorge',now(),now(),NULL);
insert into `seg_ciudad`(`codigo_ciudad`,`nombre_ciudad`,`departamento_id`,`estado`,`motivo_id`,`usuario`,`fecha_creacion`,`fecha_modificacion`,`dirip`) values ('54673','SAN CAYETANO','54','A',1,'sisjorge',now(),now(),NULL),('54680','SANTIAGO','54','A',1,'sisjorge',now(),now(),NULL),('54720','SARDINATA','54','A',1,'sisjorge',now(),now(),NULL),('54743','SILOS','54','A',1,'sisjorge',now(),now(),NULL),('54800','TEORAMA','54','A',1,'sisjorge',now(),now(),NULL),('54810','TIBU','54','A',1,'sisjorge',now(),now(),NULL),('54820','TOLEDO','54','A',1,'sisjorge',now(),now(),NULL),('54871','VILLA CARO','54','A',1,'sisjorge',now(),now(),NULL),('54874','VILLA DEL ROSARIO','54','A',1,'sisjorge',now(),now(),NULL),('63001','ARMENIA','63','A',1,'sisjorge',now(),now(),NULL),('63111','BUENAVISTA','63','A',1,'sisjorge',now(),now(),NULL),('63130','CALARCA','63','A',1,'sisjorge',now(),now(),NULL),('63190','CIRCASIA','63','A',1,'sisjorge',now(),now(),NULL),('63212','CORDOBA','63','A',1,'sisjorge',now(),now(),NULL),('63272','FILANDIA','63','A',1,'sisjorge',now(),now(),NULL),('63302','GENOVA','63','A',1,'sisjorge',now(),now(),NULL);
insert into `seg_ciudad`(`codigo_ciudad`,`nombre_ciudad`,`departamento_id`,`estado`,`motivo_id`,`usuario`,`fecha_creacion`,`fecha_modificacion`,`dirip`) values ('63401','LA TEBAIDA','63','A',1,'sisjorge',now(),now(),NULL),('63470','MONTENEGRO','63','A',1,'sisjorge',now(),now(),NULL),('63548','PIJAO','63','A',1,'sisjorge',now(),now(),NULL),('63594','QUIMBAYA','63','A',1,'sisjorge',now(),now(),NULL),('63690','SALENTO','63','A',1,'sisjorge',now(),now(),NULL),('66001','PEREIRA','66','A',1,'sisjorge',now(),now(),NULL),('66045','APIA','66','A',1,'sisjorge',now(),now(),NULL),('66075','BALBOA','66','A',1,'sisjorge',now(),now(),NULL),('66088','BELEN DE UMBRIA','66','A',1,'sisjorge',now(),now(),NULL),('66170','DOSQUEBRADAS','66','A',1,'sisjorge',now(),now(),NULL),('66318','GUATICA','66','A',1,'sisjorge',now(),now(),NULL),('66383','LA CELIA','66','A',1,'sisjorge',now(),now(),NULL),('66400','LA VIRGINIA','66','A',1,'sisjorge',now(),now(),NULL),('66440','MARSELLA','66','A',1,'sisjorge',now(),now(),NULL),('66456','MISTRATO','66','A',1,'sisjorge',now(),now(),NULL);
insert into `seg_ciudad`(`codigo_ciudad`,`nombre_ciudad`,`departamento_id`,`estado`,`motivo_id`,`usuario`,`fecha_creacion`,`fecha_modificacion`,`dirip`) values ('66572','PUEBLO RICO','66','A',1,'sisjorge',now(),now(),NULL),('66594','QUINCHIA','66','A',1,'sisjorge',now(),now(),NULL),('66682','SANTA ROSA DE CABAL','66','A',1,'sisjorge',now(),now(),NULL),('66687','SANTUARIO','66','A',1,'sisjorge',now(),now(),NULL),('68001','BUCARAMANGA','68','A',1,'sisjorge',now(),now(),NULL),('68013','AGUADA','68','A',1,'sisjorge',now(),now(),NULL),('68020','ALBANIA','68','A',1,'sisjorge',now(),now(),NULL),('68051','ARATOCA','68','A',1,'sisjorge',now(),now(),NULL),('68077','BARBOSA','68','A',1,'sisjorge',now(),now(),NULL),('68079','BARICHARA','68','A',1,'sisjorge',now(),now(),NULL),('68081','BARRANCABERMEJA','68','A',1,'sisjorge',now(),now(),NULL),('68092','BETULIA','68','A',1,'sisjorge',now(),now(),NULL),('68101','BOLIVAR','68','A',1,'sisjorge',now(),now(),NULL),('68121','CABRERA','68','A',1,'sisjorge',now(),now(),NULL),('68132','CALIFORNIA','68','A',1,'sisjorge',now(),now(),NULL);
insert into `seg_ciudad`(`codigo_ciudad`,`nombre_ciudad`,`departamento_id`,`estado`,`motivo_id`,`usuario`,`fecha_creacion`,`fecha_modificacion`,`dirip`) values ('68147','CAPITANEJO','68','A',1,'sisjorge',now(),now(),NULL),('68152','CARCASI','68','A',1,'sisjorge',now(),now(),NULL),('68160','CEPITA','68','A',1,'sisjorge',now(),now(),NULL),('68162','CERRITO','68','A',1,'sisjorge',now(),now(),NULL),('68167','CHARALA','68','A',1,'sisjorge',now(),now(),NULL),('68169','CHARTA','68','A',1,'sisjorge',now(),now(),NULL),('68176','CHIMA','68','A',1,'sisjorge',now(),now(),NULL),('68179','CHIPATA','68','A',1,'sisjorge',now(),now(),NULL),('68190','CIMITARRA','68','A',1,'sisjorge',now(),now(),NULL),('68207','CONCEPCION','68','A',1,'sisjorge',now(),now(),NULL),('68209','CONFINES','68','A',1,'sisjorge',now(),now(),NULL),('68211','CONTRATACION','68','A',1,'sisjorge',now(),now(),NULL),('68217','COROMORO','68','A',1,'sisjorge',now(),now(),NULL),('68229','CURITI','68','A',1,'sisjorge',now(),now(),NULL),('68235','EL CARMEN DE CHUCURI','68','A',1,'sisjorge',now(),now(),NULL);
insert into `seg_ciudad`(`codigo_ciudad`,`nombre_ciudad`,`departamento_id`,`estado`,`motivo_id`,`usuario`,`fecha_creacion`,`fecha_modificacion`,`dirip`) values ('68245','EL GUACAMAYO','68','A',1,'sisjorge',now(),now(),NULL),('68250','EL PE','68','A',1,'sisjorge',now(),now(),NULL),('68255','EL PLAYON','68','A',1,'sisjorge',now(),now(),NULL),('68264','ENCINO','68','A',1,'sisjorge',now(),now(),NULL),('68266','ENCISO','68','A',1,'sisjorge',now(),now(),NULL),('68271','EL FLORIAN','68','A',1,'sisjorge',now(),now(),NULL),('68276','FLORIDABLANCA','68','A',1,'sisjorge',now(),now(),NULL),('68296','GALAN','68','A',1,'sisjorge',now(),now(),NULL),('68298','GAMBITA','68','A',1,'sisjorge',now(),now(),NULL),('68307','GIRON','68','A',1,'sisjorge',now(),now(),NULL),('68318','GUACA','68','A',1,'sisjorge',now(),now(),NULL),('68320','GUADALUPE','68','A',1,'sisjorge',now(),now(),NULL),('68322','GUAPOTA','68','A',1,'sisjorge',now(),now(),NULL),('68324','GUAVATA','68','A',1,'sisjorge',now(),now(),NULL),('68327','GUEPSA','68','A',1,'sisjorge',now(),now(),NULL),('68344','HATO','68','A',1,'sisjorge',now(),now(),NULL);
insert into `seg_ciudad`(`codigo_ciudad`,`nombre_ciudad`,`departamento_id`,`estado`,`motivo_id`,`usuario`,`fecha_creacion`,`fecha_modificacion`,`dirip`) values ('68370','JORDAN','68','A',1,'sisjorge',now(),now(),NULL),('68377','LA BELLEZA','68','A',1,'sisjorge',now(),now(),NULL),('68385','LANDAZURI','68','A',1,'sisjorge',now(),now(),NULL),('68397','LA PAZ','68','A',1,'sisjorge',now(),now(),NULL),('68406','LEBRIJA','68','A',1,'sisjorge',now(),now(),NULL),('68418','LOS SANTOS','68','A',1,'sisjorge',now(),now(),NULL),('68425','MACARAVITA','68','A',1,'sisjorge',now(),now(),NULL),('68432','MALAGA','68','A',1,'sisjorge',now(),now(),NULL),('68444','MATANZA','68','A',1,'sisjorge',now(),now(),NULL),('68464','MOGOTES','68','A',1,'sisjorge',now(),now(),NULL),('68498','OCAMONTE','68','A',1,'sisjorge',now(),now(),NULL),('68500','OIBA','68','A',1,'sisjorge',now(),now(),NULL),('68502','ONZAGA','68','A',1,'sisjorge',now(),now(),NULL),('68522','PALMAR','68','A',1,'sisjorge',now(),now(),NULL),('68524','PALMAS DEL SOCORRO','68','A',1,'sisjorge',now(),now(),NULL),('68533','PARAMO','68','A',1,'sisjorge',now(),now(),NULL);
insert into `seg_ciudad`(`codigo_ciudad`,`nombre_ciudad`,`departamento_id`,`estado`,`motivo_id`,`usuario`,`fecha_creacion`,`fecha_modificacion`,`dirip`) values ('68547','PIEDECUESTA','68','A',1,'sisjorge',now(),now(),NULL),('68549','PINCHOTE','68','A',1,'sisjorge',now(),now(),NULL),('68683','JESUS MARIA','68','A',1,'sisjorge',now(),now(),NULL),('68684','MOLAGAVITA','68','A',1,'sisjorge',now(),now(),NULL),('70001','SINCELEJO','70','A',1,'sisjorge',now(),now(),NULL),('70110','BUENAVISTA','70','A',1,'sisjorge',now(),now(),NULL),('70124','CAIMITO','70','A',1,'sisjorge',now(),now(),NULL),('70204','COLOSO','70','A',1,'sisjorge',now(),now(),NULL),('70215','COROZAL','70','A',1,'sisjorge',now(),now(),NULL),('70230','CHALAN','70','A',1,'sisjorge',now(),now(),NULL),('70235','GALERAS','70','A',1,'sisjorge',now(),now(),NULL),('70265','GUARANDA','70','A',1,'sisjorge',now(),now(),NULL),('70400','LA UNION','70','A',1,'sisjorge',now(),now(),NULL),('70418','LOS PALMITOS','70','A',1,'sisjorge',now(),now(),NULL),('70429','MAJAGUAL','70','A',1,'sisjorge',now(),now(),NULL),('70473','MORROA','70','A',1,'sisjorge',now(),now(),NULL);
insert into `seg_ciudad`(`codigo_ciudad`,`nombre_ciudad`,`departamento_id`,`estado`,`motivo_id`,`usuario`,`fecha_creacion`,`fecha_modificacion`,`dirip`) values ('70508','OVEJAS','70','A',1,'sisjorge',now(),now(),NULL),('70523','PALMITO','70','A',1,'sisjorge',now(),now(),NULL),('70678','SAN BENITO ABAD','70','A',1,'sisjorge',now(),now(),NULL),('70702','SAN JUAN BETULIA','70','A',1,'sisjorge',now(),now(),NULL),('70706','SAMPUES','70','A',1,'sisjorge',now(),now(),NULL),('70708','SAN MARCOS','70','A',1,'sisjorge',now(),now(),NULL),('70713','SAN ONOFRE','70','A',1,'sisjorge',now(),now(),NULL),('70717','SAN PEDRO','70','A',1,'sisjorge',now(),now(),NULL),('70742','SINCE','70','A',1,'sisjorge',now(),now(),NULL),('70771','SUCRE','70','A',1,'sisjorge',now(),now(),NULL),('70820','TOLU','70','A',1,'sisjorge',now(),now(),NULL),('70823','TOLUVIEJO','70','A',1,'sisjorge',now(),now(),NULL),('73001','IBAGUE','73','A',1,'sisjorge',now(),now(),NULL),('73024','ALPUJARRA','73','A',1,'sisjorge',now(),now(),NULL),('73026','ALVARADO','73','A',1,'sisjorge',now(),now(),NULL);
insert into `seg_ciudad`(`codigo_ciudad`,`nombre_ciudad`,`departamento_id`,`estado`,`motivo_id`,`usuario`,`fecha_creacion`,`fecha_modificacion`,`dirip`) values ('73030','AMBALEMA','73','A',1,'sisjorge',now(),now(),NULL),('73043','ANZOATEGUI','73','A',1,'sisjorge',now(),now(),NULL),('73055','ARMERO','73','A',1,'sisjorge',now(),now(),NULL),('73067','ATACO','73','A',1,'sisjorge',now(),now(),NULL),('73124','CAJAMARCA','73','A',1,'sisjorge',now(),now(),NULL),('73148','CARMEN APICALA','73','A',1,'sisjorge',now(),now(),NULL),('73152','CASABIANCA','73','A',1,'sisjorge',now(),now(),NULL),('73168','CHAPARRAL','73','A',1,'sisjorge',now(),now(),NULL),('73200','COELLO','73','A',1,'sisjorge',now(),now(),NULL),('73217','COYAIMA','73','A',1,'sisjorge',now(),now(),NULL),('73226','CUNDAY','73','A',1,'sisjorge',now(),now(),NULL),('73236','DOLORES','73','A',1,'sisjorge',now(),now(),NULL),('73268','ESPINAL','73','A',1,'sisjorge',now(),now(),NULL),('73270','FALAN','73','A',1,'sisjorge',now(),now(),NULL),('73275','FLANDES','73','A',1,'sisjorge',now(),now(),NULL),('73283','FRESNO','73','A',1,'sisjorge',now(),now(),NULL);
insert into `seg_ciudad`(`codigo_ciudad`,`nombre_ciudad`,`departamento_id`,`estado`,`motivo_id`,`usuario`,`fecha_creacion`,`fecha_modificacion`,`dirip`) values ('73319','GUAMO','73','A',1,'sisjorge',now(),now(),NULL),('73347','HERVEO','73','A',1,'sisjorge',now(),now(),NULL),('73349','HONDA','73','A',1,'sisjorge',now(),now(),NULL),('73352','ICONONZO','73','A',1,'sisjorge',now(),now(),NULL),('73408','LERIDA','73','A',1,'sisjorge',now(),now(),NULL),('73411','LIBANO','73','A',1,'sisjorge',now(),now(),NULL),('73443','MARIQUITA','73','A',1,'sisjorge',now(),now(),NULL),('73449','MELGAR','73','A',1,'sisjorge',now(),now(),NULL),('73461','MURILLO','73','A',1,'sisjorge',now(),now(),NULL),('73483','NATAGAIMA','73','A',1,'sisjorge',now(),now(),NULL),('73504','ORTEGA','73','A',1,'sisjorge',now(),now(),NULL),('73520','PALOCABILDO','73','A',1,'sisjorge',now(),now(),NULL),('73547','PIEDRAS','73','A',1,'sisjorge',now(),now(),NULL),('73555','PLANADAS','73','A',1,'sisjorge',now(),now(),NULL),('73563','PRADO','73','A',1,'sisjorge',now(),now(),NULL),('73585','PURIFICACION','73','A',1,'sisjorge',now(),now(),NULL);
insert into `seg_ciudad`(`codigo_ciudad`,`nombre_ciudad`,`departamento_id`,`estado`,`motivo_id`,`usuario`,`fecha_creacion`,`fecha_modificacion`,`dirip`) values ('73616','RIOBLANCO','73','A',1,'sisjorge',now(),now(),NULL),('73622','RONCESVALLES','73','A',1,'sisjorge',now(),now(),NULL),('73624','ROVIRA','73','A',1,'sisjorge',now(),now(),NULL),('73671','SALDA','73','A',1,'sisjorge',now(),now(),NULL),('73675','SAN ANTONIO','73','A',1,'sisjorge',now(),now(),NULL),('73678','SAN LUIS','73','A',1,'sisjorge',now(),now(),NULL),('73686','SANTA ISABEL','73','A',1,'sisjorge',now(),now(),NULL),('73738','VILLARRICA','73','A',1,'sisjorge',now(),now(),NULL),('73770','SUAREZ','73','A',1,'sisjorge',now(),now(),NULL),('73854','VALLE DE SAN JUAN','73','A',1,'sisjorge',now(),now(),NULL),('73861','VENADILLO','73','A',1,'sisjorge',now(),now(),NULL),('73870','VILLAHERMOSA','73','A',1,'sisjorge',now(),now(),NULL),('76001','CALI','76','A',1,'sisjorge',now(),now(),NULL),('76020','ALCALA','76','A',1,'sisjorge',now(),now(),NULL),('76036','ANDALUCIA','76','A',1,'sisjorge',now(),now(),NULL);
insert into `seg_ciudad`(`codigo_ciudad`,`nombre_ciudad`,`departamento_id`,`estado`,`motivo_id`,`usuario`,`fecha_creacion`,`fecha_modificacion`,`dirip`) values ('76041','ANSERMANUEVO','76','A',1,'sisjorge',now(),now(),NULL),('76054','ARGELIA','76','A',1,'sisjorge',now(),now(),NULL),('76100','BOLIVAR','76','A',1,'sisjorge',now(),now(),NULL),('76109','BUENAVENTURA','76','A',1,'sisjorge',now(),now(),NULL),('76111','BUGA','76','A',1,'sisjorge',now(),now(),NULL),('76113','BUGALAGRANDE','76','A',1,'sisjorge',now(),now(),NULL),('76122','CAICEDONIA','76','A',1,'sisjorge',now(),now(),NULL),('76126','CALIMA','76','A',1,'sisjorge',now(),now(),NULL),('76130','CANDELARIA','76','A',1,'sisjorge',now(),now(),NULL),('76147','CARTAGO','76','A',1,'sisjorge',now(),now(),NULL),('76233','DAGUA','76','A',1,'sisjorge',now(),now(),NULL),('76243','EL AGUILA','76','A',1,'sisjorge',now(),now(),NULL),('76246','EL CAIRO','76','A',1,'sisjorge',now(),now(),NULL),('76248','EL CERRITO','76','A',1,'sisjorge',now(),now(),NULL),('76250','EL DOVIO','76','A',1,'sisjorge',now(),now(),NULL),('76275','FLORIDA','76','A',1,'sisjorge',now(),now(),NULL);
insert into `seg_ciudad`(`codigo_ciudad`,`nombre_ciudad`,`departamento_id`,`estado`,`motivo_id`,`usuario`,`fecha_creacion`,`fecha_modificacion`,`dirip`) values ('76306','GINEBRA','76','A',1,'sisjorge',now(),now(),NULL),('76318','GUACARI','76','A',1,'sisjorge',now(),now(),NULL),('76364','JAMUNDI','76','A',1,'sisjorge',now(),now(),NULL),('76377','LA CUMBRE','76','A',1,'sisjorge',now(),now(),NULL),('76400','LA UNION','76','A',1,'sisjorge',now(),now(),NULL),('76403','LA VICTORIA','76','A',1,'sisjorge',now(),now(),NULL),('76497','OBANDO','76','A',1,'sisjorge',now(),now(),NULL),('76520','PALMIRA','76','A',1,'sisjorge',now(),now(),NULL),('76563','PRADERA','76','A',1,'sisjorge',now(),now(),NULL),('76606','RESTREPO','76','A',1,'sisjorge',now(),now(),NULL),('76616','RIOFRIO','76','A',1,'sisjorge',now(),now(),NULL),('76622','ROLDANILLO','76','A',1,'sisjorge',now(),now(),NULL),('76670','SAN PEDRO','76','A',1,'sisjorge',now(),now(),NULL),('76736','SEVILLA','76','A',1,'sisjorge',now(),now(),NULL),('76823','TORO','76','A',1,'sisjorge',now(),now(),NULL),('76828','TRUJILLO','76','A',1,'sisjorge',now(),now(),NULL);
insert into `seg_ciudad`(`codigo_ciudad`,`nombre_ciudad`,`departamento_id`,`estado`,`motivo_id`,`usuario`,`fecha_creacion`,`fecha_modificacion`,`dirip`) values ('76834','TULUA','76','A',1,'sisjorge',now(),now(),NULL),('76845','ULLOA','76','A',1,'sisjorge',now(),now(),NULL),('76863','VERSALLES','76','A',1,'sisjorge',now(),now(),NULL),('76869','VIJES','76','A',1,'sisjorge',now(),now(),NULL),('76890','YOTOCO','76','A',1,'sisjorge',now(),now(),NULL),('76892','YUMBO','76','A',1,'sisjorge',now(),now(),NULL),('76895','ZARZAL','76','A',1,'sisjorge',now(),now(),NULL),('81001','ARAUCA','81','A',1,'sisjorge',now(),now(),NULL),('81065','ARAUQUITA','81','A',1,'sisjorge',now(),now(),NULL),('81220','CRAVO NORTE','81','A',1,'sisjorge',now(),now(),NULL),('81300','FORTUL','81','A',1,'sisjorge',now(),now(),NULL),('81591','PUERTO RONDON','81','A',1,'sisjorge',now(),now(),NULL),('81736','SARAVENA','81','A',1,'sisjorge',now(),now(),NULL),('81794','TAME','81','A',1,'sisjorge',now(),now(),NULL),('85001','YOPAL','85','A',1,'sisjorge',now(),now(),NULL),('85010','AGUAZUL','85','A',1,'sisjorge',now(),now(),NULL);
insert into `seg_ciudad`(`codigo_ciudad`,`nombre_ciudad`,`departamento_id`,`estado`,`motivo_id`,`usuario`,`fecha_creacion`,`fecha_modificacion`,`dirip`) values ('85015','CHAMEZA','85','A',1,'sisjorge',now(),now(),NULL),('85125','HATO COROZAL','85','A',1,'sisjorge',now(),now(),NULL),('85136','LA SALINA','85','A',1,'sisjorge',now(),now(),NULL),('85139','MANI','85','A',1,'sisjorge',now(),now(),NULL),('85162','MONTERREY','85','A',1,'sisjorge',now(),now(),NULL),('85225','NUNCHIA','85','A',1,'sisjorge',now(),now(),NULL),('85230','OROCUE','85','A',1,'sisjorge',now(),now(),NULL),('85250','PAZ DE ARIPORO','85','A',1,'sisjorge',now(),now(),NULL),('85263','PORE','85','A',1,'sisjorge',now(),now(),NULL),('85279','RECETOR','85','A',1,'sisjorge',now(),now(),NULL),('85300','SABANALARGA','85','A',1,'sisjorge',now(),now(),NULL),('85315','SACAMA','85','A',1,'sisjorge',now(),now(),NULL),('85325','SAN LUIS DE PALENQUE','85','A',1,'sisjorge',now(),now(),NULL),('85400','TAMARA','85','A',1,'sisjorge',now(),now(),NULL),('85410','TAURAMENA','85','A',1,'sisjorge',now(),now(),NULL);
insert into `seg_ciudad`(`codigo_ciudad`,`nombre_ciudad`,`departamento_id`,`estado`,`motivo_id`,`usuario`,`fecha_creacion`,`fecha_modificacion`,`dirip`) values ('85430','TRINIDAD','85','A',1,'sisjorge',now(),now(),NULL),('85440','VILLANUEVA','85','A',1,'sisjorge',now(),now(),NULL),('86001','MOCOA','86','A',1,'sisjorge',now(),now(),NULL),('86219','COLON','86','A',1,'sisjorge',now(),now(),NULL),('86320','ORITO','86','A',1,'sisjorge',now(),now(),NULL),('86568','PUERTO ASIS','86','A',1,'sisjorge',now(),now(),NULL),('86569','PUERTO CAICEDO','86','A',1,'sisjorge',now(),now(),NULL),('86571','PUERTO GUZMAN','86','A',1,'sisjorge',now(),now(),NULL),('86573','PUERTO LEGUIZAMO','86','A',1,'sisjorge',now(),now(),NULL),('86749','SIBUNDOY','86','A',1,'sisjorge',now(),now(),NULL),('86755','SAN FRANCISCO','86','A',1,'sisjorge',now(),now(),NULL),('86757','LA DORADA','86','A',1,'sisjorge',now(),now(),NULL),('86760','SANTIAGO','86','A',1,'sisjorge',now(),now(),NULL),('86865','VALLE DEL GUAMEZ','86','A',1,'sisjorge',now(),now(),NULL),('86885','VILLAGARZON','86','A',1,'sisjorge',now(),now(),NULL);
insert into `seg_ciudad`(`codigo_ciudad`,`nombre_ciudad`,`departamento_id`,`estado`,`motivo_id`,`usuario`,`fecha_creacion`,`fecha_modificacion`,`dirip`) values ('88001','SAN ANDRES','88','A',1,'sisjorge',now(),now(),NULL),('88564','PROVIDENCIA','88','A',1,'sisjorge',now(),now(),NULL),('91001','LETICIA','91','A',1,'sisjorge',now(),now(),NULL),('91263','EL ENCANTO','91','A',1,'sisjorge',now(),now(),NULL),('91405','LA CHORRERA','91','A',1,'sisjorge',now(),now(),NULL),('91407','LA PEDRERA','91','A',1,'sisjorge',now(),now(),NULL),('91460','MIRITI-PARANA','91','A',1,'sisjorge',now(),now(),NULL),('91540','PUERTO NARI','91','A',1,'sisjorge',now(),now(),NULL),('91669','PUERTO SANTANDER','91','A',1,'sisjorge',now(),now(),NULL),('91798','TARAPACA','91','A',1,'sisjorge',now(),now(),NULL),('94001','INIRIDA','94','A',1,'sisjorge',now(),now(),NULL),('94343','BARRANCO MINA','94','A',1,'sisjorge',now(),now(),NULL),('94883','SAN FELIPE','94','A',1,'sisjorge',now(),now(),NULL),('94884','PUERTO COLOMBIA','94','A',1,'sisjorge',now(),now(),NULL),('94885','LA GUADALUPE','94','A',1,'sisjorge',now(),now(),NULL);
insert into `seg_ciudad`(`codigo_ciudad`,`nombre_ciudad`,`departamento_id`,`estado`,`motivo_id`,`usuario`,`fecha_creacion`,`fecha_modificacion`,`dirip`) values ('94886','CACAHUAL','94','A',1,'sisjorge',now(),now(),NULL),('94887','PANA PANA','94','A',1,'sisjorge',now(),now(),NULL),('94888','MORICHAL NUEVO','94','A',1,'sisjorge',now(),now(),NULL),('95001','SAN JOSE DEL GUAVIARE','95','A',1,'sisjorge',now(),now(),NULL),('95015','CALAMAR','95','A',1,'sisjorge',now(),now(),NULL),('95025','EL RETORNO','95','A',1,'sisjorge',now(),now(),NULL),('95200','MIRAFLORES','95','A',1,'sisjorge',now(),now(),NULL),('97001','MITU','97','A',1,'sisjorge',now(),now(),NULL),('97161','CARURU','97','A',1,'sisjorge',now(),now(),NULL),('97511','PACOA','97','A',1,'sisjorge',now(),now(),NULL),('97666','TARAIRA','97','A',1,'sisjorge',now(),now(),NULL),('97777','PAPUNAHUA','97','A',1,'sisjorge',now(),now(),NULL),('97889','YAVARETE','97','A',1,'sisjorge',now(),now(),NULL),('99001','PUERTO CARRE','99','A',1,'sisjorge',now(),now(),NULL),('99524','LA PRIMAVERA','99','A',1,'sisjorge',now(),now(),NULL);
insert into `seg_ciudad`(`codigo_ciudad`,`nombre_ciudad`,`departamento_id`,`estado`,`motivo_id`,`usuario`,`fecha_creacion`,`fecha_modificacion`,`dirip`) values ('99572','SANTA RITA','99','A',1,'sisjorge',now(),now(),NULL);


insert into seg_lista
(id, descripcion_lista,
estado, motivo_id, 
usuario, fecha_creacion, fecha_modificacion)
values
(1, 'TIPO DOCUMENTO IDENTIDAD', 'A', 1, 'sisjorge', now(), now())
/* (2, '', 'A', 1, 'sisjorge', now(), now()),
(3, '', 'A', 1, 'sisjorge', now(), now()),
(4, '', 'A', 1, 'sisjorge', now(), now()),
(5, '', 'A', 1, 'sisjorge', now(), now()),
(6, '', 'A', 1, 'sisjorge', now(), now()),
(7, '', 'A', 1, 'sisjorge', now(), now()),
(8, '', 'A', 1, 'sisjorge', now(), now()) */ 
;

insert into seg_detalle_lista
(id, lista_id, codigo_detalle_lista,
descripcion_detalle_lista,
estado, motivo_id, 
usuario, fecha_creacion, fecha_modificacion)
values
(1, 1, 'RC', 'REGISTRO CIVIL', 'A', 1, 'sisjorge', now(), now()),
(2, 1, 'TI', 'TARJETA DE IDENTIDAD', 'A', 1, 'sisjorge', now(), now()),
(3, 1, 'CC', 'CEDULA DE CIUDADANIA', 'A', 1, 'sisjorge', now(), now()),
(4, 1, 'CE', 'CEDULA DE EXTRANJERIA', 'A', 1, 'sisjorge', now(), now()),
(5, 1, 'PA', 'PASAPORTE', 'A', 1, 'sisjorge', now(), now())
;


insert into seg_grupo
(id, sistema_id, descripcion_corta, descripcion,
estado, motivo_id, 
usuario, fecha_creacion, fecha_modificacion)
values
(1, 1, 'ADMINISTRADOR SEG', 'MANEJO ADMIN SEGURIDAD', 
'A', 1, 'sisjorge', now(), now()),
(2, 1, 'ADMON GRUPO', 'MANEJO GRUPOS', 
'A', 1, 'sisjorge', now(), now()),
(3, 1, 'ADMON GENERALES', 'MANEJO TABLAS GENERALES', 
'A', 1, 'sisjorge', now(), now()),
(4, 1, 'CITAS', 'MANEJO CITAS', 
'A', 1, 'sisjorge', now(), now()),
(5, 1, 'CONVENIOS', 'MANEJO - CONVENIOS', 
'A', 1, 'sisjorge', now(), now());

insert into seg_grupo_usuario
(id, grupo_id, perfil, defecto,
estado, motivo_id, 
usuario, fecha_creacion, fecha_modificacion)
values
(1, 1, 'sisjorge', 'S', 
'A', 1, 'sisjorge', now(), now()),
(2, 2, 'jvahos', 'S', 
'A', 1, 'sisjorge', now(), now()),
(3, 3, 'jupadura', 'S', 
'A', 1, 'sisjorge', now(), now())
;


insert into seg_funcion
(id, sistema_id, descripcion_corta, descripcion, url, 
estado, motivo_id, 
usuario, fecha_creacion, fecha_modificacion)
values
(1,  1, 'Empresas - CR', 'Mantenimiento de Empresa - CR', null,
'A', 1, 'sisjorge', now(), now()),
(2, 1, 'Sistemas - CR', 'Mantenimiento de Sistema - CR', null,
'A', 1, 'sisjorge', now(), now()),
(3, 1, 'Funciones - CR', 'Mantenimiento de Funcion - CR', null,
'A', 1, 'sisjorge', now(), now()),
(4,  1, 'Grupos - CR', 'Mantenimiento de Grupo - CR', null,
'A', 1, 'sisjorge', now(), now()),
(5,  1, 'Usuarios - CR', 'Mantenimiento de Usuario - CR', null,
'A', 1, 'sisjorge', now(), now()),
(6,  1, 'Acciones - CR', 'Mantenimiento de Accion - CR', null,
'A', 1, 'sisjorge', now(), now()),
(7,  1, 'Grupo/Funcion - CR', 'Mantenimiento de Grupo/Funcion - CR', null,
'A', 1, 'sisjorge', now(), now()),
(8,  1, 'Grupo/Usuario - CR', 'Mantenimiento de Grupo/Usuario - CR', null,
'A', 1, 'sisjorge', now(), now()),
(9,  1, 'Accion/Grupo - CR', 'Mantenimiento de Grupo/Funcion - CR', null,
'A', 1, 'sisjorge', now(), now()),
(10,  1, 'Funcion x Sistema - CA', 'Mantenimiento de Funcion x Sistema - CA', null,
'A', 1, 'sisjorge', now(), now()),
(11,  1, 'Usuario x Empresa - CA', 'Mantenimiento de Usuario x Empresa - CA', null,
'A', 1, 'sisjorge', now(), now()),
(12,  1, 'Funcion x Sistema - CA', 'Mantenimiento de Funcion x Sistema - CA', null,
'A', 1, 'sisjorge', now(), now()),
(13,  1, 'Grupo x Sistema - CA', 'Mantenimiento de Grupo x Sistema - CA', null,
'A', 1, 'sisjorge', now(), now()),
(14,  1, 'Accion x Funcion - CA', 'Mantenimiento de Accion x Funcion - CA', null,
'A', 1, 'sisjorge', now(), now()),
(15,  1, 'Grupo/Funcion x Funcion - CA', 'Mantenimiento de Grupo/Funcion x Funcion - CA', null,
'A', 1, 'sisjorge', now(), now()),
(16,  1, 'Grupo/Funcion x Grupo - CA', 'Mantenimiento de Grupo/Funcion x Grupo - CA', null,
'A', 1, 'sisjorge', now(), now()),
(17,  1, 'Grupo/Usuario x Usuario - CA', 'Mantenimiento de Grupo/Usuario x Usuario - CA', null,
'A', 1, 'sisjorge', now(), now()),
(18,  1, 'Grupo/Usuario x Grupo - CA', 'Mantenimiento de Grupo/Usuario x Grupo - CA', null,
'A', 1, 'sisjorge', now(), now()),
(19,  1, 'Accion/Grupo x Accion - CA', 'Mantenimiento de Accion/Grupo x Accion - CA', null,
'A', 1, 'sisjorge', now(), now()),
(20,  1, 'Accion/Grupo x Grupo - CA', 'Mantenimiento de Accion/Grupo x Grupo - CA', null,
'A', 1, 'sisjorge', now(), now()),
(21,  1, 'Motivos - CR', 'Mantenimiento de Motivos - CR', null,
'A', 1, 'sisjorge', now(), now()),
(22,  1, 'Listas - CR', 'Mantenimiento de Listas - CR', null,
'A', 1, 'sisjorge', now(), now()),
(23,  1, 'Detalle de Listas - CR', 'Mantenimiento de Detalle de Listas - CR', null,
'A', 1, 'sisjorge', now(), now()),
(24,  1, 'Detalle Lista x Lista - CA', 'Mantenimiento de Detalle de Listas x Lista - CA', null,
'A', 1, 'sisjorge', now(), now()),
(25,  1, 'Departamentos - CR', 'Mantenimiento de Departamentos - CR', null,
'A', 1, 'sisjorge', now(), now()),
(26,  1, 'Ciudades - CR', 'Mantenimiento de Ciudades - CR', null,
'A', 1, 'sisjorge', now(), now()),
(27,  1, 'Ciudades x Depto - CA', 'Mantenimiento de Ciudades x Departamentos - CA', null,
'A', 1, 'sisjorge', now(), now()),
(28,  1, 'Seguridad - MN', 'Modulo de Seguridad - MN', null,
'A', 1, 'sisjorge', now(), now()),
(29,  1, 'Grupos - MN', 'Modulo de Grupos - MN', null,
'A', 1, 'sisjorge', now(), now()),
(30,  1, 'Generales - MN', 'Modulo de Tablas Generales - MN', null,
'A', 1, 'sisjorge', now(), now())
;

insert into seg_grupo_funcion
(id, grupo_id, funcion_id,
tipo, padre, orden,
estado, motivo_id, 
usuario, fecha_creacion, fecha_modificacion)
values
(1,  1, 28, 'M', null, 10,
'A', 1, 'sisjorge', now(), now()),
(2,  1, 1, 'O', 1, 10,
'A', 1, 'sisjorge', now(), now()),
(3,  1, 2, 'O', 1, 20,
'A', 1, 'sisjorge', now(), now()),
(4,  1, 3, 'O', 1, 30,
'A', 1, 'sisjorge', now(), now()),
(5,  1, 4, 'O', 1, 40,
'A', 1, 'sisjorge', now(), now()),
(6,  1, 5, 'O', 1, 50,
'A', 1, 'sisjorge', now(), now()),
(7,  1, 6, 'O', 1, 60,
'A', 1, 'sisjorge', now(), now()),
(8,  1, 7, 'O', 1, 70,
'A', 1, 'sisjorge', now(), now()),
(9,  1, 8, 'O', 1, 80,
'A', 1, 'sisjorge', now(), now()),
(10, 1, 9, 'O', 1, 90,
'A', 1, 'sisjorge', now(), now()),
(11, 1, 10, 'O', 1, 100,
'A', 1, 'sisjorge', now(), now()),
(12, 1, 11, 'O', 1, 110,
'A', 1, 'sisjorge', now(), now()),
(13, 1, 12, 'O', 1, 120,
'A', 1, 'sisjorge', now(), now()),
(14, 1, 13, 'O', 1, 130,
'A', 1, 'sisjorge', now(), now()),
(15, 1, 14, 'O', 1, 140,
'A', 1, 'sisjorge', now(), now()),
(16, 1, 15, 'O', 1, 150,
'A', 1, 'sisjorge', now(), now()),
(17, 1, 16, 'O', 1, 160,
'A', 1, 'sisjorge', now(), now()),
(18, 1, 17, 'O', 1, 170,
'A', 1, 'sisjorge', now(), now()),
(19, 1, 18, 'O', 1, 180,
'A', 1, 'sisjorge', now(), now()),
(20, 1, 19, 'O', 1, 190,
'A', 1, 'sisjorge', now(), now()),
(21, 1, 30, 'M', null, 20,
'A', 1, 'sisjorge', now(), now()),
(22, 1, 20, 'O', 21, 10,
'A', 1, 'sisjorge', now(), now()),
(23, 1, 21, 'O', 21, 20,
'A', 1, 'sisjorge', now(), now()),
(24, 1, 22, 'O', 21, 30,
'A', 1, 'sisjorge', now(), now()),
(25, 1, 23, 'O', 21, 40,
'A', 1, 'sisjorge', now(), now()),
(26, 1, 24, 'O', 21, 50,
'A', 1, 'sisjorge', now(), now()),
(27, 1, 25, 'O', 21, 60,
'A', 1, 'sisjorge', now(), now()),
(28, 1, 26, 'O', 21, 70,
'A', 1, 'sisjorge', now(), now()),
(29, 1, 27, 'O', 21, 80,
'A', 1, 'sisjorge', now(), now()),
(30, 2, 29, 'M', null, 10,
'A', 1, 'sisjorge', now(), now()),
(31, 2, 5, 'O', 30, 10,
'A', 1, 'sisjorge', now(), now()),
(32, 2, 4, 'O', 30, 20,
'A', 1, 'sisjorge', now(), now()),
(33, 2, 8, 'O', 30, 30,
'A', 1, 'sisjorge', now(), now()),
(34, 2, 7, 'O', 30, 40,
'A', 1, 'sisjorge', now(), now()),
(35, 2, 6, 'O', 30, 50,
'A', 1, 'sisjorge', now(), now()),
(36, 2, 9, 'O', 30, 60,
'A', 1, 'sisjorge', now(), now()),
(37, 3, 30, 'M', null, 10,
'A', 1, 'sisjorge', now(), now()),
(38, 3, 20, 'O', 21, 10,
'A', 1, 'sisjorge', now(), now()),
(39, 3, 21, 'O', 21, 20,
'A', 1, 'sisjorge', now(), now()),
(40, 3, 22, 'O', 21, 30,
'A', 1, 'sisjorge', now(), now()),
(41, 3, 23, 'O', 21, 40,
'A', 1, 'sisjorge', now(), now()),
(42, 3, 24, 'O', 21, 50,
'A', 1, 'sisjorge', now(), now()),
(43, 3, 25, 'O', 21, 60,
'A', 1, 'sisjorge', now(), now()),
(44, 3, 26, 'O', 21, 70,
'A', 1, 'sisjorge', now(), now()),
(45, 3, 27, 'O', 21, 80,
'A', 1, 'sisjorge', now(), now())
;

insert into seg_accion
(id, funcion_id, descripcion, descripcion_corta,
tipo_accion, 
estado, motivo_id, 
usuario, fecha_creacion, fecha_modificacion)
values
(1, 1, 'index', 'index', 'NA',  'A', 1, 'sisjorge', now(), now()),
(2, 1, 'create', 'create', 'NA',  'A', 1, 'sisjorge', now(), now()),
(3, 1, 'view', 'view', 'NA',  'A', 1, 'sisjorge', now(), now()),
(4, 1, 'update', 'update', 'NA',  'A', 1, 'sisjorge', now(), now()),
(5, 1, 'delete', 'delete', 'NA',  'A', 1, 'sisjorge', now(), now()),
(6, 1, 'download', 'download', 'S',  'A', 1, 'sisjorge', now(), now()),
(7, 1, 'upload', 'upload', 'N ',  'A', 1, 'sisjorge', now(), now()),
(8, 1, 'print', 'print', 'S',  'A', 1, 'sisjorge', now(), now()),
(9, 1, 'copy', 'copy', 'S',  'A', 1, 'sisjorge', now(), now()),
(10, 1, 'inactivarPorError', 'inactivarPorError', 'S',  'A', 1, 'sisjorge', now(), now()),
(11, 1, 'UsuarioToDataTable', 'UsuarioToDataTable', 'NA',  'A', 1, 'sisjorge', now(), now()),
(12, 2, 'index', 'index', 'NA',  'A', 1, 'sisjorge', now(), now()),
(13, 2, 'create', 'create', 'NA',  'A', 1, 'sisjorge', now(), now()),
(14, 2, 'view', 'view', 'NA',  'A', 1, 'sisjorge', now(), now()),
(15, 2, 'update', 'update', 'NA',  'A', 1, 'sisjorge', now(), now()),
(16, 2, 'delete', 'delete', 'NA',  'A', 1, 'sisjorge', now(), now()),
(17, 2, 'download', 'download', 'S',  'A', 1, 'sisjorge', now(), now()),
(18, 2, 'upload', 'upload', 'N ',  'A', 1, 'sisjorge', now(), now()),
(19, 2, 'print', 'print', 'S',  'A', 1, 'sisjorge', now(), now()),
(20, 2, 'copy', 'copy', 'S',  'A', 1, 'sisjorge', now(), now()),
(21, 2, 'inactivarPorError', 'inactivarPorError', 'S',  'A', 1, 'sisjorge', now(), now()),
(22, 2, 'UsuarioToDataTable', 'UsuarioToDataTable', 'NA',  'A', 1, 'sisjorge', now(), now()),
(23, 3, 'index', 'index', 'NA',  'A', 1, 'sisjorge', now(), now()),
(24, 3, 'create', 'create', 'NA',  'A', 1, 'sisjorge', now(), now()),
(25, 3, 'view', 'view', 'NA',  'A', 1, 'sisjorge', now(), now()),
(26, 3, 'update', 'update', 'NA',  'A', 1, 'sisjorge', now(), now()),
(27, 3, 'delete', 'delete', 'NA',  'A', 1, 'sisjorge', now(), now()),
(28, 3, 'download', 'download', 'S',  'A', 1, 'sisjorge', now(), now()),
(29, 2, 'upload', 'upload', 'N ',  'A', 1, 'sisjorge', now(), now()),
(30, 3, 'print', 'print', 'S',  'A', 1, 'sisjorge', now(), now()),
(31, 3, 'copy', 'copy', 'S',  'A', 1, 'sisjorge', now(), now()),
(32, 3, 'inactivarPorError', 'inactivarPorError', 'S',  'A', 1, 'sisjorge', now(), now()),
(33, 3, 'UsuarioToDataTable', 'UsuarioToDataTable', 'NA',  'A', 1, 'sisjorge', now(), now()),
(34, 4, 'index', 'index', 'NA',  'A', 1, 'sisjorge', now(), now()),
(35, 4, 'create', 'create', 'NA',  'A', 1, 'sisjorge', now(), now()),
(36, 4, 'view', 'view', 'NA',  'A', 1, 'sisjorge', now(), now()),
(37, 4, 'update', 'update', 'NA',  'A', 1, 'sisjorge', now(), now()),
(38, 4, 'delete', 'delete', 'NA',  'A', 1, 'sisjorge', now(), now()),
(39, 4, 'download', 'download', 'S',  'A', 1, 'sisjorge', now(), now()),
(40, 4, 'upload', 'upload', 'N ',  'A', 1, 'sisjorge', now(), now()),
(41, 4, 'print', 'print', 'S',  'A', 1, 'sisjorge', now(), now()),
(42, 4, 'copy', 'copy', 'S',  'A', 1, 'sisjorge', now(), now()),
(43, 4, 'inactivarPorError', 'inactivarPorError', 'S',  'A', 1, 'sisjorge', now(), now()),
(44, 4, 'UsuarioToDataTable', 'UsuarioToDataTable', 'NA',  'A', 1, 'sisjorge', now(), now()),
(45, 5, 'index', 'index', 'NA',  'A', 1, 'sisjorge', now(), now()),
(46, 5, 'create', 'create', 'NA',  'A', 1, 'sisjorge', now(), now()),
(47, 5, 'view', 'view', 'NA',  'A', 1, 'sisjorge', now(), now()),
(48, 5, 'update', 'update', 'NA',  'A', 1, 'sisjorge', now(), now()),
(49, 5, 'delete', 'delete', 'NA',  'A', 1, 'sisjorge', now(), now()),
(50, 5, 'download', 'download', 'S',  'A', 1, 'sisjorge', now(), now()),
(51, 5, 'upload', 'upload', 'N ',  'A', 1, 'sisjorge', now(), now()),
(52, 5, 'print', 'print', 'S',  'A', 1, 'sisjorge', now(), now()),
(53, 5, 'copy', 'copy', 'S',  'A', 1, 'sisjorge', now(), now()),
(54, 5, 'inactivarPorError', 'inactivarPorError', 'S',  'A', 1, 'sisjorge', now(), now()),
(55, 5, 'UsuarioToDataTable', 'UsuarioToDataTable', 'NA',  'A', 1, 'sisjorge', now(), now()),
(56, 6, 'index', 'index', 'NA',  'A', 1, 'sisjorge', now(), now()),
(57, 6, 'create', 'create', 'NA',  'A', 1, 'sisjorge', now(), now()),
(58, 6, 'view', 'view', 'NA',  'A', 1, 'sisjorge', now(), now()),
(59, 6, 'update', 'update', 'NA',  'A', 1, 'sisjorge', now(), now()),
(60, 6, 'delete', 'delete', 'NA',  'A', 1, 'sisjorge', now(), now()),
(61, 6, 'download', 'download', 'S',  'A', 1, 'sisjorge', now(), now()),
(62, 6, 'upload', 'upload', 'N ',  'A', 1, 'sisjorge', now(), now()),
(63, 6, 'print', 'print', 'S',  'A', 1, 'sisjorge', now(), now()),
(64, 6, 'copy', 'copy', 'S',  'A', 1, 'sisjorge', now(), now()),
(65, 6, 'inactivarPorError', 'inactivarPorError', 'S',  'A', 1, 'sisjorge', now(), now()),
(66, 6, 'UsuarioToDataTable', 'UsuarioToDataTable', 'NA',  'A', 1, 'sisjorge', now(), now()),
(67, 7, 'index', 'index', 'NA',  'A', 1, 'sisjorge', now(), now()),
(68, 7, 'create', 'create', 'NA',  'A', 1, 'sisjorge', now(), now()),
(69, 7, 'view', 'view', 'NA',  'A', 1, 'sisjorge', now(), now()),
(70, 7, 'update', 'update', 'NA',  'A', 1, 'sisjorge', now(), now()),
(71, 7, 'delete', 'delete', 'NA',  'A', 1, 'sisjorge', now(), now()),
(72, 7, 'download', 'download', 'S',  'A', 1, 'sisjorge', now(), now()),
(73, 7, 'upload', 'upload', 'N ',  'A', 1, 'sisjorge', now(), now()),
(74, 7, 'print', 'print', 'S',  'A', 1, 'sisjorge', now(), now()),
(75, 7, 'copy', 'copy', 'S',  'A', 1, 'sisjorge', now(), now()),
(76, 7, 'inactivarPorError', 'inactivarPorError', 'S',  'A', 1, 'sisjorge', now(), now()),
(77, 7, 'UsuarioToDataTable', 'UsuarioToDataTable', 'NA',  'A', 1, 'sisjorge', now(), now()),
(78, 8, 'index', 'index', 'NA',  'A', 1, 'sisjorge', now(), now()),
(79, 8, 'create', 'create', 'NA',  'A', 1, 'sisjorge', now(), now()),
(80, 8, 'view', 'view', 'NA',  'A', 1, 'sisjorge', now(), now()),
(81, 8, 'update', 'update', 'NA',  'A', 1, 'sisjorge', now(), now()),
(82, 8, 'delete', 'delete', 'NA',  'A', 1, 'sisjorge', now(), now()),
(83, 8, 'download', 'download', 'S',  'A', 1, 'sisjorge', now(), now()),
(84, 8, 'upload', 'upload', 'N ',  'A', 1, 'sisjorge', now(), now()),
(85, 8, 'print', 'print', 'S',  'A', 1, 'sisjorge', now(), now()),
(86, 8, 'copy', 'copy', 'S',  'A', 1, 'sisjorge', now(), now()),
(87, 8, 'inactivarPorError', 'inactivarPorError', 'S',  'A', 1, 'sisjorge', now(), now()),
(88, 8, 'UsuarioToDataTable', 'UsuarioToDataTable', 'NA',  'A', 1, 'sisjorge', now(), now()),
(89, 9, 'index', 'index', 'NA',  'A', 1, 'sisjorge', now(), now()),
(90, 9, 'create', 'create', 'NA',  'A', 1, 'sisjorge', now(), now()),
(91, 9, 'view', 'view', 'NA',  'A', 1, 'sisjorge', now(), now()),
(92, 9, 'update', 'update', 'NA',  'A', 1, 'sisjorge', now(), now()),
(93, 9, 'delete', 'delete', 'NA',  'A', 1, 'sisjorge', now(), now()),
(94, 9, 'download', 'download', 'S',  'A', 1, 'sisjorge', now(), now()),
(95, 9, 'upload', 'upload', 'N ',  'A', 1, 'sisjorge', now(), now()),
(96, 9, 'print', 'print', 'S',  'A', 1, 'sisjorge', now(), now()),
(97, 9, 'copy', 'copy', 'S',  'A', 1, 'sisjorge', now(), now()),
(98, 9, 'inactivarPorError', 'inactivarPorError', 'S',  'A', 1, 'sisjorge', now(), now()),
(99, 9, 'UsuarioToDataTable', 'UsuarioToDataTable', 'NA',  'A', 1, 'sisjorge', now(), now()),
(100, 10, 'index', 'index', 'NA',  'A', 1, 'sisjorge', now(), now()),
(101, 10, 'create', 'create', 'NA',  'A', 1, 'sisjorge', now(), now()),
(102, 10, 'view', 'view', 'NA',  'A', 1, 'sisjorge', now(), now()),
(103, 10, 'update', 'update', 'NA',  'A', 1, 'sisjorge', now(), now()),
(104, 10, 'delete', 'delete', 'NA',  'A', 1, 'sisjorge', now(), now()),
(105, 10, 'download', 'download', 'S',  'A', 1, 'sisjorge', now(), now()),
(106, 10, 'upload', 'upload', 'N ',  'A', 1, 'sisjorge', now(), now()),
(107, 10, 'print', 'print', 'S',  'A', 1, 'sisjorge', now(), now()),
(108, 10, 'copy', 'copy', 'S',  'A', 1, 'sisjorge', now(), now()),
(109, 10, 'inactivarPorError', 'inactivarPorError', 'S',  'A', 1, 'sisjorge', now(), now()),
(110, 10, 'UsuarioToDataTable', 'UsuarioToDataTable', 'NA',  'A', 1, 'sisjorge', now(), now()),
(111, 11, 'index', 'index', 'NA',  'A', 1, 'sisjorge', now(), now()),
(112, 11, 'create', 'create', 'NA',  'A', 1, 'sisjorge', now(), now()),
(113, 11, 'view', 'view', 'NA',  'A', 1, 'sisjorge', now(), now()),
(114, 11, 'update', 'update', 'NA',  'A', 1, 'sisjorge', now(), now()),
(115, 11, 'delete', 'delete', 'NA',  'A', 1, 'sisjorge', now(), now()),
(116, 11, 'download', 'download', 'S',  'A', 1, 'sisjorge', now(), now()),
(117, 11, 'upload', 'upload', 'N ',  'A', 1, 'sisjorge', now(), now()),
(118, 11, 'print', 'print', 'S',  'A', 1, 'sisjorge', now(), now()),
(119, 11, 'copy', 'copy', 'S',  'A', 1, 'sisjorge', now(), now()),
(120, 11, 'inactivarPorError', 'inactivarPorError', 'S',  'A', 1, 'sisjorge', now(), now()),
(121, 11, 'UsuarioToDataTable', 'UsuarioToDataTable', 'NA',  'A', 1, 'sisjorge', now(), now()),
(122, 12, 'index', 'index', 'NA',  'A', 1, 'sisjorge', now(), now()),
(123, 12, 'create', 'create', 'NA',  'A', 1, 'sisjorge', now(), now()),
(124, 12, 'view', 'view', 'NA',  'A', 1, 'sisjorge', now(), now()),
(125, 12, 'update', 'update', 'NA',  'A', 1, 'sisjorge', now(), now()),
(126, 12, 'delete', 'delete', 'NA',  'A', 1, 'sisjorge', now(), now()),
(127, 12, 'download', 'download', 'S',  'A', 1, 'sisjorge', now(), now()),
(128, 12, 'upload', 'upload', 'N ',  'A', 1, 'sisjorge', now(), now()),
(129, 12, 'print', 'print', 'S',  'A', 1, 'sisjorge', now(), now()),
(130, 12, 'copy', 'copy', 'S',  'A', 1, 'sisjorge', now(), now()),
(131, 12, 'inactivarPorError', 'inactivarPorError', 'S',  'A', 1, 'sisjorge', now(), now()),
(132, 12, 'UsuarioToDataTable', 'UsuarioToDataTable', 'NA',  'A', 1, 'sisjorge', now(), now()),
(133, 13, 'index', 'index', 'NA',  'A', 1, 'sisjorge', now(), now()),
(134, 13, 'create', 'create', 'NA',  'A', 1, 'sisjorge', now(), now()),
(135, 13, 'view', 'view', 'NA',  'A', 1, 'sisjorge', now(), now()),
(136, 13, 'update', 'update', 'NA',  'A', 1, 'sisjorge', now(), now()),
(137, 13, 'delete', 'delete', 'NA',  'A', 1, 'sisjorge', now(), now()),
(138, 13, 'download', 'download', 'S',  'A', 1, 'sisjorge', now(), now()),
(139, 13, 'upload', 'upload', 'N ',  'A', 1, 'sisjorge', now(), now()),
(140, 13, 'print', 'print', 'S',  'A', 1, 'sisjorge', now(), now()),
(141, 13, 'copy', 'copy', 'S',  'A', 1, 'sisjorge', now(), now()),
(142, 13, 'inactivarPorError', 'inactivarPorError', 'S',  'A', 1, 'sisjorge', now(), now()),
(143, 13, 'UsuarioToDataTable', 'UsuarioToDataTable', 'NA',  'A', 1, 'sisjorge', now(), now()),
(144, 14, 'index', 'index', 'NA',  'A', 1, 'sisjorge', now(), now()),
(145, 14, 'create', 'create', 'NA',  'A', 1, 'sisjorge', now(), now()),
(146, 14, 'view', 'view', 'NA',  'A', 1, 'sisjorge', now(), now()),
(147, 14, 'update', 'update', 'NA',  'A', 1, 'sisjorge', now(), now()),
(148, 14, 'delete', 'delete', 'NA',  'A', 1, 'sisjorge', now(), now()),
(149, 14, 'download', 'download', 'S',  'A', 1, 'sisjorge', now(), now()),
(150, 14, 'upload', 'upload', 'N ',  'A', 1, 'sisjorge', now(), now()),
(151, 14, 'print', 'print', 'S',  'A', 1, 'sisjorge', now(), now()),
(152, 14, 'copy', 'copy', 'S',  'A', 1, 'sisjorge', now(), now()),
(153, 14, 'inactivarPorError', 'inactivarPorError', 'S',  'A', 1, 'sisjorge', now(), now()),
(154, 14, 'UsuarioToDataTable', 'UsuarioToDataTable', 'NA',  'A', 1, 'sisjorge', now(), now()),
(155, 15, 'index', 'index', 'NA',  'A', 1, 'sisjorge', now(), now()),
(156, 15, 'create', 'create', 'NA',  'A', 1, 'sisjorge', now(), now()),
(157, 15, 'view', 'view', 'NA',  'A', 1, 'sisjorge', now(), now()),
(158, 15, 'update', 'update', 'NA',  'A', 1, 'sisjorge', now(), now()),
(159, 15, 'delete', 'delete', 'NA',  'A', 1, 'sisjorge', now(), now()),
(160, 15, 'download', 'download', 'S',  'A', 1, 'sisjorge', now(), now()),
(161, 15, 'upload', 'upload', 'N ',  'A', 1, 'sisjorge', now(), now()),
(162, 15, 'print', 'print', 'S',  'A', 1, 'sisjorge', now(), now()),
(163, 15, 'copy', 'copy', 'S',  'A', 1, 'sisjorge', now(), now()),
(164, 15, 'inactivarPorError', 'inactivarPorError', 'S',  'A', 1, 'sisjorge', now(), now()),
(165, 15, 'UsuarioToDataTable', 'UsuarioToDataTable', 'NA',  'A', 1, 'sisjorge', now(), now()),
(166, 16, 'index', 'index', 'NA',  'A', 1, 'sisjorge', now(), now()),
(167, 16, 'create', 'create', 'NA',  'A', 1, 'sisjorge', now(), now()),
(168, 16, 'view', 'view', 'NA',  'A', 1, 'sisjorge', now(), now()),
(169, 16, 'update', 'update', 'NA',  'A', 1, 'sisjorge', now(), now()),
(170, 16, 'delete', 'delete', 'NA',  'A', 1, 'sisjorge', now(), now()),
(171, 16, 'download', 'download', 'S',  'A', 1, 'sisjorge', now(), now()),
(172, 16, 'upload', 'upload', 'N ',  'A', 1, 'sisjorge', now(), now()),
(173, 16, 'print', 'print', 'S',  'A', 1, 'sisjorge', now(), now()),
(174, 16, 'copy', 'copy', 'S',  'A', 1, 'sisjorge', now(), now()),
(175, 16, 'inactivarPorError', 'inactivarPorError', 'S',  'A', 1, 'sisjorge', now(), now()),
(176, 16, 'UsuarioToDataTable', 'UsuarioToDataTable', 'NA',  'A', 1, 'sisjorge', now(), now()),
(177, 17, 'index', 'index', 'NA',  'A', 1, 'sisjorge', now(), now()),
(178, 17, 'create', 'create', 'NA',  'A', 1, 'sisjorge', now(), now()),
(179, 17, 'view', 'view', 'NA',  'A', 1, 'sisjorge', now(), now()),
(180, 17, 'update', 'update', 'NA',  'A', 1, 'sisjorge', now(), now()),
(181, 17, 'delete', 'delete', 'NA',  'A', 1, 'sisjorge', now(), now()),
(182, 17, 'download', 'download', 'S',  'A', 1, 'sisjorge', now(), now()),
(183, 17, 'upload', 'upload', 'N ',  'A', 1, 'sisjorge', now(), now()),
(184, 17, 'print', 'print', 'S',  'A', 1, 'sisjorge', now(), now()),
(185, 17, 'copy', 'copy', 'S',  'A', 1, 'sisjorge', now(), now()),
(186, 17, 'inactivarPorError', 'inactivarPorError', 'S',  'A', 1, 'sisjorge', now(), now()),
(187, 17, 'UsuarioToDataTable', 'UsuarioToDataTable', 'NA',  'A', 1, 'sisjorge', now(), now()),
(188, 18, 'index', 'index', 'NA',  'A', 1, 'sisjorge', now(), now()),
(189, 18, 'create', 'create', 'NA',  'A', 1, 'sisjorge', now(), now()),
(190, 18, 'view', 'view', 'NA',  'A', 1, 'sisjorge', now(), now()),
(191, 18, 'update', 'update', 'NA',  'A', 1, 'sisjorge', now(), now()),
(192, 18, 'delete', 'delete', 'NA',  'A', 1, 'sisjorge', now(), now()),
(193, 18, 'download', 'download', 'S',  'A', 1, 'sisjorge', now(), now()),
(194, 18, 'upload', 'upload', 'N ',  'A', 1, 'sisjorge', now(), now()),
(195, 18, 'print', 'print', 'S',  'A', 1, 'sisjorge', now(), now()),
(196, 18, 'copy', 'copy', 'S',  'A', 1, 'sisjorge', now(), now()),
(197, 18, 'inactivarPorError', 'inactivarPorError', 'S',  'A', 1, 'sisjorge', now(), now()),
(198, 18, 'UsuarioToDataTable', 'UsuarioToDataTable', 'NA',  'A', 1, 'sisjorge', now(), now()),
(199, 19, 'index', 'index', 'NA',  'A', 1, 'sisjorge', now(), now()),
(200, 19, 'create', 'create', 'NA',  'A', 1, 'sisjorge', now(), now()),
(201, 19, 'view', 'view', 'NA',  'A', 1, 'sisjorge', now(), now()),
(202, 19, 'update', 'update', 'NA',  'A', 1, 'sisjorge', now(), now()),
(203, 19, 'delete', 'delete', 'NA',  'A', 1, 'sisjorge', now(), now()),
(204, 19, 'download', 'download', 'S',  'A', 1, 'sisjorge', now(), now()),
(205, 19, 'upload', 'upload', 'N ',  'A', 1, 'sisjorge', now(), now()),
(206, 19, 'print', 'print', 'S',  'A', 1, 'sisjorge', now(), now()),
(207, 19, 'copy', 'copy', 'S',  'A', 1, 'sisjorge', now(), now()),
(208, 19, 'inactivarPorError', 'inactivarPorError', 'S',  'A', 1, 'sisjorge', now(), now()),
(209, 19, 'UsuarioToDataTable', 'UsuarioToDataTable', 'NA',  'A', 1, 'sisjorge', now(), now()),
(210, 20, 'index', 'index', 'NA',  'A', 1, 'sisjorge', now(), now()),
(211, 20, 'create', 'create', 'NA',  'A', 1, 'sisjorge', now(), now()),
(212, 20, 'view', 'view', 'NA',  'A', 1, 'sisjorge', now(), now()),
(213, 20, 'update', 'update', 'NA',  'A', 1, 'sisjorge', now(), now()),
(214, 20, 'delete', 'delete', 'NA',  'A', 1, 'sisjorge', now(), now()),
(215, 20, 'download', 'download', 'S',  'A', 1, 'sisjorge', now(), now()),
(216, 20, 'upload', 'upload', 'N ',  'A', 1, 'sisjorge', now(), now()),
(217, 20, 'print', 'print', 'S',  'A', 1, 'sisjorge', now(), now()),
(218, 20, 'copy', 'copy', 'S',  'A', 1, 'sisjorge', now(), now()),
(219, 20, 'inactivarPorError', 'inactivarPorError', 'S',  'A', 1, 'sisjorge', now(), now()),
(220, 20, 'UsuarioToDataTable', 'UsuarioToDataTable', 'NA',  'A', 1, 'sisjorge', now(), now()),
(221, 21, 'index', 'index', 'NA',  'A', 1, 'sisjorge', now(), now()),
(222, 21, 'create', 'create', 'NA',  'A', 1, 'sisjorge', now(), now()),
(223, 21, 'view', 'view', 'NA',  'A', 1, 'sisjorge', now(), now()),
(224, 21, 'update', 'update', 'NA',  'A', 1, 'sisjorge', now(), now()),
(225, 21, 'delete', 'delete', 'NA',  'A', 1, 'sisjorge', now(), now()),
(226, 21, 'download', 'download', 'S',  'A', 1, 'sisjorge', now(), now()),
(227, 21, 'upload', 'upload', 'N ',  'A', 1, 'sisjorge', now(), now()),
(228, 21, 'print', 'print', 'S',  'A', 1, 'sisjorge', now(), now()),
(229, 21, 'copy', 'copy', 'S',  'A', 1, 'sisjorge', now(), now()),
(230, 21, 'inactivarPorError', 'inactivarPorError', 'S',  'A', 1, 'sisjorge', now(), now()),
(231, 21, 'UsuarioToDataTable', 'UsuarioToDataTable', 'NA',  'A', 1, 'sisjorge', now(), now()),
(232, 22, 'index', 'index', 'NA',  'A', 1, 'sisjorge', now(), now()),
(233, 22, 'create', 'create', 'NA',  'A', 1, 'sisjorge', now(), now()),
(234, 22, 'view', 'view', 'NA',  'A', 1, 'sisjorge', now(), now()),
(235, 22, 'update', 'update', 'NA',  'A', 1, 'sisjorge', now(), now()),
(236, 22, 'delete', 'delete', 'NA',  'A', 1, 'sisjorge', now(), now()),
(237, 22, 'download', 'download', 'S',  'A', 1, 'sisjorge', now(), now()),
(238, 22, 'upload', 'upload', 'N ',  'A', 1, 'sisjorge', now(), now()),
(239, 22, 'print', 'print', 'S',  'A', 1, 'sisjorge', now(), now()),
(240, 22, 'copy', 'copy', 'S',  'A', 1, 'sisjorge', now(), now()),
(241, 22, 'inactivarPorError', 'inactivarPorError', 'S',  'A', 1, 'sisjorge', now(), now()),
(242, 22, 'UsuarioToDataTable', 'UsuarioToDataTable', 'NA',  'A', 1, 'sisjorge', now(), now()),
(243, 23, 'index', 'index', 'NA',  'A', 1, 'sisjorge', now(), now()),
(244, 23, 'create', 'create', 'NA',  'A', 1, 'sisjorge', now(), now()),
(245, 23, 'view', 'view', 'NA',  'A', 1, 'sisjorge', now(), now()),
(246, 23, 'update', 'update', 'NA',  'A', 1, 'sisjorge', now(), now()),
(247, 23, 'delete', 'delete', 'NA',  'A', 1, 'sisjorge', now(), now()),
(248, 23, 'download', 'download', 'S',  'A', 1, 'sisjorge', now(), now()),
(249, 23, 'upload', 'upload', 'N ',  'A', 1, 'sisjorge', now(), now()),
(250, 23, 'print', 'print', 'S',  'A', 1, 'sisjorge', now(), now()),
(251, 23, 'copy', 'copy', 'S',  'A', 1, 'sisjorge', now(), now()),
(252, 23, 'inactivarPorError', 'inactivarPorError', 'S',  'A', 1, 'sisjorge', now(), now()),
(253, 23, 'UsuarioToDataTable', 'UsuarioToDataTable', 'NA',  'A', 1, 'sisjorge', now(), now()),
(254, 24, 'index', 'index', 'NA',  'A', 1, 'sisjorge', now(), now()),
(255, 24, 'create', 'create', 'NA',  'A', 1, 'sisjorge', now(), now()),
(256, 24, 'view', 'view', 'NA',  'A', 1, 'sisjorge', now(), now()),
(257, 24, 'update', 'update', 'NA',  'A', 1, 'sisjorge', now(), now()),
(258, 24, 'delete', 'delete', 'NA',  'A', 1, 'sisjorge', now(), now()),
(259, 24, 'download', 'download', 'S',  'A', 1, 'sisjorge', now(), now()),
(260, 24, 'upload', 'upload', 'N ',  'A', 1, 'sisjorge', now(), now()),
(261, 24, 'print', 'print', 'S',  'A', 1, 'sisjorge', now(), now()),
(262, 24, 'copy', 'copy', 'S',  'A', 1, 'sisjorge', now(), now()),
(263, 24, 'inactivarPorError', 'inactivarPorError', 'S',  'A', 1, 'sisjorge', now(), now()),
(264, 24, 'UsuarioToDataTable', 'UsuarioToDataTable', 'NA',  'A', 1, 'sisjorge', now(), now()),
(265, 25, 'index', 'index', 'NA',  'A', 1, 'sisjorge', now(), now()),
(266, 25, 'create', 'create', 'NA',  'A', 1, 'sisjorge', now(), now()),
(267, 25, 'view', 'view', 'NA',  'A', 1, 'sisjorge', now(), now()),
(268, 25, 'update', 'update', 'NA',  'A', 1, 'sisjorge', now(), now()),
(269, 25, 'delete', 'delete', 'NA',  'A', 1, 'sisjorge', now(), now()),
(270, 25, 'download', 'download', 'S',  'A', 1, 'sisjorge', now(), now()),
(271, 25, 'upload', 'upload', 'N ',  'A', 1, 'sisjorge', now(), now()),
(272, 25, 'print', 'print', 'S',  'A', 1, 'sisjorge', now(), now()),
(273, 25, 'copy', 'copy', 'S',  'A', 1, 'sisjorge', now(), now()),
(274, 25, 'inactivarPorError', 'inactivarPorError', 'S',  'A', 1, 'sisjorge', now(), now()),
(275, 25, 'UsuarioToDataTable', 'UsuarioToDataTable', 'NA',  'A', 1, 'sisjorge', now(), now()),
(276, 26, 'index', 'index', 'NA',  'A', 1, 'sisjorge', now(), now()),
(277, 26, 'create', 'create', 'NA',  'A', 1, 'sisjorge', now(), now()),
(278, 26, 'view', 'view', 'NA',  'A', 1, 'sisjorge', now(), now()),
(279, 26, 'update', 'update', 'NA',  'A', 1, 'sisjorge', now(), now()),
(280, 26, 'delete', 'delete', 'NA',  'A', 1, 'sisjorge', now(), now()),
(281, 26, 'download', 'download', 'S',  'A', 1, 'sisjorge', now(), now()),
(282, 26, 'upload', 'upload', 'N ',  'A', 1, 'sisjorge', now(), now()),
(283, 26, 'print', 'print', 'S',  'A', 1, 'sisjorge', now(), now()),
(284, 26, 'copy', 'copy', 'S',  'A', 1, 'sisjorge', now(), now()),
(285, 26, 'inactivarPorError', 'inactivarPorError', 'S',  'A', 1, 'sisjorge', now(), now()),
(286, 26, 'UsuarioToDataTable', 'UsuarioToDataTable', 'NA',  'A', 1, 'sisjorge', now(), now()),
(287, 27, 'index', 'index', 'NA',  'A', 1, 'sisjorge', now(), now()),
(288, 27, 'create', 'create', 'NA',  'A', 1, 'sisjorge', now(), now()),
(289, 27, 'view', 'view', 'NA',  'A', 1, 'sisjorge', now(), now()),
(290, 27, 'update', 'update', 'NA',  'A', 1, 'sisjorge', now(), now()),
(291, 27, 'delete', 'delete', 'NA',  'A', 1, 'sisjorge', now(), now()),
(292, 27, 'download', 'download', 'S',  'A', 1, 'sisjorge', now(), now()),
(293, 27, 'upload', 'upload', 'N ',  'A', 1, 'sisjorge', now(), now()),
(294, 27, 'print', 'print', 'S',  'A', 1, 'sisjorge', now(), now()),
(295, 27, 'copy', 'copy', 'S',  'A', 1, 'sisjorge', now(), now()),
(296, 27, 'inactivarPorError', 'inactivarPorError', 'S',  'A', 1, 'sisjorge', now(), now()),
(297, 27, 'UsuarioToDataTable', 'UsuarioToDataTable', 'NA',  'A', 1, 'sisjorge', now(), now())
;

insert into seg_grupo_accion
(id, grupo_id, accion_id,
estado, motivo_id, 
usuario, fecha_creacion, fecha_modificacion)
values
(1, 1, 1,  'A', 1, 'sisjorge', now(), now()),
(2, 1, 2,  'A', 1, 'sisjorge', now(), now()),
(3, 1, 3,  'A', 1, 'sisjorge', now(), now()),
(4, 1, 4,  'A', 1, 'sisjorge', now(), now()),
(5, 1, 5,  'A', 1, 'sisjorge', now(), now()),
(6, 1, 6,  'A', 1, 'sisjorge', now(), now()),
(7, 1, 7,  'A', 1, 'sisjorge', now(), now()),
(8, 1, 8,  'A', 1, 'sisjorge', now(), now()),
(9, 1, 9,  'A', 1, 'sisjorge', now(), now()),
(10, 1, 10,  'A', 1, 'sisjorge', now(), now()),
(11, 1, 11,  'A', 1, 'sisjorge', now(), now()),
(12, 1, 12,  'A', 1, 'sisjorge', now(), now()),
(13, 1, 13,  'A', 1, 'sisjorge', now(), now()),
(14, 1, 14,  'A', 1, 'sisjorge', now(), now()),
(15, 1, 15,  'A', 1, 'sisjorge', now(), now()),
(16, 1, 16,  'A', 1, 'sisjorge', now(), now()),
(17, 1, 17,  'A', 1, 'sisjorge', now(), now()),
(18, 1, 18,  'A', 1, 'sisjorge', now(), now()),
(19, 1, 19,  'A', 1, 'sisjorge', now(), now()),
(20, 1, 20,  'A', 1, 'sisjorge', now(), now()),
(21, 1, 21,  'A', 1, 'sisjorge', now(), now()),
(22, 1, 22,  'A', 1, 'sisjorge', now(), now()),
(23, 1, 23,  'A', 1, 'sisjorge', now(), now()),
(24, 1, 24,  'A', 1, 'sisjorge', now(), now()),
(25, 1, 25,  'A', 1, 'sisjorge', now(), now()),
(26, 1, 26,  'A', 1, 'sisjorge', now(), now()),
(27, 1, 27,  'A', 1, 'sisjorge', now(), now()),
(28, 1, 28,  'A', 1, 'sisjorge', now(), now()),
(29, 1, 29,  'A', 1, 'sisjorge', now(), now()),
(30, 1, 30,  'A', 1, 'sisjorge', now(), now()),
(31, 1, 31,  'A', 1, 'sisjorge', now(), now()),
(32, 1, 32,  'A', 1, 'sisjorge', now(), now()),
(33, 1, 33,  'A', 1, 'sisjorge', now(), now()),
(34, 1, 34,  'A', 1, 'sisjorge', now(), now()),
(35, 1, 35,  'A', 1, 'sisjorge', now(), now()),
(36, 1, 36,  'A', 1, 'sisjorge', now(), now()),
(37, 1, 37,  'A', 1, 'sisjorge', now(), now()),
(38, 1, 38,  'A', 1, 'sisjorge', now(), now()),
(39, 1, 39,  'A', 1, 'sisjorge', now(), now()),
(40, 1, 40,  'A', 1, 'sisjorge', now(), now()),
(41, 1, 41,  'A', 1, 'sisjorge', now(), now()),
(42, 1, 42,  'A', 1, 'sisjorge', now(), now()),
(43, 1, 43,  'A', 1, 'sisjorge', now(), now()),
(44, 1, 44,  'A', 1, 'sisjorge', now(), now()),
(45, 1, 45,  'A', 1, 'sisjorge', now(), now()),
(46, 1, 46,  'A', 1, 'sisjorge', now(), now()),
(47, 1, 47,  'A', 1, 'sisjorge', now(), now()),
(48, 1, 48,  'A', 1, 'sisjorge', now(), now()),
(49, 1, 49,  'A', 1, 'sisjorge', now(), now()),
(50, 1, 50,  'A', 1, 'sisjorge', now(), now()),
(51, 1, 51,  'A', 1, 'sisjorge', now(), now()),
(52, 1, 52,  'A', 1, 'sisjorge', now(), now()),
(53, 1, 53,  'A', 1, 'sisjorge', now(), now()),
(54, 1, 54,  'A', 1, 'sisjorge', now(), now()),
(55, 1, 55,  'A', 1, 'sisjorge', now(), now()),
(56, 1, 56,  'A', 1, 'sisjorge', now(), now()),
(57, 1, 57,  'A', 1, 'sisjorge', now(), now()),
(58, 1, 58,  'A', 1, 'sisjorge', now(), now()),
(59, 1, 59,  'A', 1, 'sisjorge', now(), now()),
(60, 1, 60,  'A', 1, 'sisjorge', now(), now()),
(61, 1, 61,  'A', 1, 'sisjorge', now(), now()),
(62, 1, 62,  'A', 1, 'sisjorge', now(), now()),
(63, 1, 63,  'A', 1, 'sisjorge', now(), now()),
(64, 1, 64,  'A', 1, 'sisjorge', now(), now()),
(65, 1, 65,  'A', 1, 'sisjorge', now(), now()),
(66, 1, 66,  'A', 1, 'sisjorge', now(), now()),
(67, 1, 67,  'A', 1, 'sisjorge', now(), now()),
(68, 1, 68,  'A', 1, 'sisjorge', now(), now()),
(69, 1, 69,  'A', 1, 'sisjorge', now(), now()),
(70, 1, 70,  'A', 1, 'sisjorge', now(), now()),
(71, 1, 71,  'A', 1, 'sisjorge', now(), now()),
(72, 1, 72,  'A', 1, 'sisjorge', now(), now()),
(73, 1, 73,  'A', 1, 'sisjorge', now(), now()),
(74, 1, 74,  'A', 1, 'sisjorge', now(), now()),
(75, 1, 75,  'A', 1, 'sisjorge', now(), now()),
(76, 1, 76,  'A', 1, 'sisjorge', now(), now()),
(77, 1, 77,  'A', 1, 'sisjorge', now(), now()),
(78, 1, 78,  'A', 1, 'sisjorge', now(), now()),
(79, 1, 79,  'A', 1, 'sisjorge', now(), now()),
(80, 1, 80,  'A', 1, 'sisjorge', now(), now()),
(81, 1, 81,  'A', 1, 'sisjorge', now(), now()),
(82, 1, 82,  'A', 1, 'sisjorge', now(), now()),
(83, 1, 83,  'A', 1, 'sisjorge', now(), now()),
(84, 1, 84,  'A', 1, 'sisjorge', now(), now()),
(85, 1, 85,  'A', 1, 'sisjorge', now(), now()),
(86, 1, 86,  'A', 1, 'sisjorge', now(), now()),
(87, 1, 87,  'A', 1, 'sisjorge', now(), now()),
(88, 1, 88,  'A', 1, 'sisjorge', now(), now()),
(89, 1, 89,  'A', 1, 'sisjorge', now(), now()),
(90, 1, 90,  'A', 1, 'sisjorge', now(), now()),
(91, 1, 91,  'A', 1, 'sisjorge', now(), now()),
(92, 1, 92,  'A', 1, 'sisjorge', now(), now()),
(93, 1, 93,  'A', 1, 'sisjorge', now(), now()),
(94, 1, 94,  'A', 1, 'sisjorge', now(), now()),
(95, 1, 95,  'A', 1, 'sisjorge', now(), now()),
(96, 1, 96,  'A', 1, 'sisjorge', now(), now()),
(97, 1, 97,  'A', 1, 'sisjorge', now(), now()),
(98, 1, 98,  'A', 1, 'sisjorge', now(), now()),
(99, 1, 99,  'A', 1, 'sisjorge', now(), now()),
(100, 1, 100,  'A', 1, 'sisjorge', now(), now()),
(101, 1, 101,  'A', 1, 'sisjorge', now(), now()),
(102, 1, 102,  'A', 1, 'sisjorge', now(), now()),
(103, 1, 103,  'A', 1, 'sisjorge', now(), now()),
(104, 1, 104,  'A', 1, 'sisjorge', now(), now()),
(105, 1, 105,  'A', 1, 'sisjorge', now(), now()),
(106, 1, 106,  'A', 1, 'sisjorge', now(), now()),
(107, 1, 107,  'A', 1, 'sisjorge', now(), now()),
(108, 1, 108,  'A', 1, 'sisjorge', now(), now()),
(109, 1, 109,  'A', 1, 'sisjorge', now(), now()),
(110, 1, 110,  'A', 1, 'sisjorge', now(), now()),
(111, 1, 111,  'A', 1, 'sisjorge', now(), now()),
(112, 1, 112,  'A', 1, 'sisjorge', now(), now()),
(113, 1, 113,  'A', 1, 'sisjorge', now(), now()),
(114, 1, 114,  'A', 1, 'sisjorge', now(), now()),
(115, 1, 115,  'A', 1, 'sisjorge', now(), now()),
(116, 1, 116,  'A', 1, 'sisjorge', now(), now()),
(117, 1, 117,  'A', 1, 'sisjorge', now(), now()),
(118, 1, 118,  'A', 1, 'sisjorge', now(), now()),
(119, 1, 119,  'A', 1, 'sisjorge', now(), now()),
(120, 1, 120,  'A', 1, 'sisjorge', now(), now()),
(121, 1, 121,  'A', 1, 'sisjorge', now(), now()),
(122, 1, 122,  'A', 1, 'sisjorge', now(), now()),
(123, 1, 123,  'A', 1, 'sisjorge', now(), now()),
(124, 1, 124,  'A', 1, 'sisjorge', now(), now()),
(125, 1, 125,  'A', 1, 'sisjorge', now(), now()),
(126, 1, 126,  'A', 1, 'sisjorge', now(), now()),
(127, 1, 127,  'A', 1, 'sisjorge', now(), now()),
(128, 1, 128,  'A', 1, 'sisjorge', now(), now()),
(129, 1, 129,  'A', 1, 'sisjorge', now(), now()),
(130, 1, 130,  'A', 1, 'sisjorge', now(), now()),
(131, 1, 131,  'A', 1, 'sisjorge', now(), now()),
(132, 1, 132,  'A', 1, 'sisjorge', now(), now()),
(133, 1, 133,  'A', 1, 'sisjorge', now(), now()),
(134, 1, 134,  'A', 1, 'sisjorge', now(), now()),
(135, 1, 135,  'A', 1, 'sisjorge', now(), now()),
(136, 1, 136,  'A', 1, 'sisjorge', now(), now()),
(137, 1, 137,  'A', 1, 'sisjorge', now(), now()),
(138, 1, 138,  'A', 1, 'sisjorge', now(), now()),
(139, 1, 139,  'A', 1, 'sisjorge', now(), now()),
(140, 1, 140,  'A', 1, 'sisjorge', now(), now()),
(141, 1, 141,  'A', 1, 'sisjorge', now(), now()),
(142, 1, 142,  'A', 1, 'sisjorge', now(), now()),
(143, 1, 143,  'A', 1, 'sisjorge', now(), now()),
(144, 1, 144,  'A', 1, 'sisjorge', now(), now()),
(145, 1, 145,  'A', 1, 'sisjorge', now(), now()),
(146, 1, 146,  'A', 1, 'sisjorge', now(), now()),
(147, 1, 147,  'A', 1, 'sisjorge', now(), now()),
(148, 1, 148,  'A', 1, 'sisjorge', now(), now()),
(149, 1, 149,  'A', 1, 'sisjorge', now(), now()),
(150, 1, 150,  'A', 1, 'sisjorge', now(), now()),
(151, 1, 151,  'A', 1, 'sisjorge', now(), now()),
(152, 1, 152,  'A', 1, 'sisjorge', now(), now()),
(153, 1, 153,  'A', 1, 'sisjorge', now(), now()),
(154, 1, 154,  'A', 1, 'sisjorge', now(), now()),
(155, 1, 155,  'A', 1, 'sisjorge', now(), now()),
(156, 1, 156,  'A', 1, 'sisjorge', now(), now()),
(157, 1, 157,  'A', 1, 'sisjorge', now(), now()),
(158, 1, 158,  'A', 1, 'sisjorge', now(), now()),
(159, 1, 159,  'A', 1, 'sisjorge', now(), now()),
(160, 1, 160,  'A', 1, 'sisjorge', now(), now()),
(161, 1, 161,  'A', 1, 'sisjorge', now(), now()),
(162, 1, 162,  'A', 1, 'sisjorge', now(), now()),
(163, 1, 163,  'A', 1, 'sisjorge', now(), now()),
(164, 1, 164,  'A', 1, 'sisjorge', now(), now()),
(165, 1, 165,  'A', 1, 'sisjorge', now(), now()),
(166, 1, 166,  'A', 1, 'sisjorge', now(), now()),
(167, 1, 167,  'A', 1, 'sisjorge', now(), now()),
(168, 1, 168,  'A', 1, 'sisjorge', now(), now()),
(169, 1, 169,  'A', 1, 'sisjorge', now(), now()),
(170, 1, 170,  'A', 1, 'sisjorge', now(), now()),
(171, 1, 171,  'A', 1, 'sisjorge', now(), now()),
(172, 1, 172,  'A', 1, 'sisjorge', now(), now()),
(173, 1, 173,  'A', 1, 'sisjorge', now(), now()),
(174, 1, 174,  'A', 1, 'sisjorge', now(), now()),
(175, 1, 175,  'A', 1, 'sisjorge', now(), now()),
(176, 1, 176,  'A', 1, 'sisjorge', now(), now()),
(177, 1, 177,  'A', 1, 'sisjorge', now(), now()),
(178, 1, 178,  'A', 1, 'sisjorge', now(), now()),
(179, 1, 179,  'A', 1, 'sisjorge', now(), now()),
(180, 1, 180,  'A', 1, 'sisjorge', now(), now()),
(181, 1, 181,  'A', 1, 'sisjorge', now(), now()),
(182, 1, 182,  'A', 1, 'sisjorge', now(), now()),
(183, 1, 183,  'A', 1, 'sisjorge', now(), now()),
(184, 1, 184,  'A', 1, 'sisjorge', now(), now()),
(185, 1, 185,  'A', 1, 'sisjorge', now(), now()),
(186, 1, 186,  'A', 1, 'sisjorge', now(), now()),
(187, 1, 187,  'A', 1, 'sisjorge', now(), now()),
(188, 1, 188,  'A', 1, 'sisjorge', now(), now()),
(189, 1, 189,  'A', 1, 'sisjorge', now(), now()),
(190, 1, 190,  'A', 1, 'sisjorge', now(), now()),
(191, 1, 191,  'A', 1, 'sisjorge', now(), now()),
(192, 1, 192,  'A', 1, 'sisjorge', now(), now()),
(193, 1, 193,  'A', 1, 'sisjorge', now(), now()),
(194, 1, 194,  'A', 1, 'sisjorge', now(), now()),
(195, 1, 195,  'A', 1, 'sisjorge', now(), now()),
(196, 1, 196,  'A', 1, 'sisjorge', now(), now()),
(197, 1, 197,  'A', 1, 'sisjorge', now(), now()),
(198, 1, 198,  'A', 1, 'sisjorge', now(), now()),
(199, 1, 199,  'A', 1, 'sisjorge', now(), now()),
(200, 1, 200,  'A', 1, 'sisjorge', now(), now()),
(201, 1, 201,  'A', 1, 'sisjorge', now(), now()),
(202, 1, 202,  'A', 1, 'sisjorge', now(), now()),
(203, 1, 203,  'A', 1, 'sisjorge', now(), now()),
(204, 1, 204,  'A', 1, 'sisjorge', now(), now()),
(205, 1, 205,  'A', 1, 'sisjorge', now(), now()),
(206, 1, 206,  'A', 1, 'sisjorge', now(), now()),
(207, 1, 207,  'A', 1, 'sisjorge', now(), now()),
(208, 1, 208,  'A', 1, 'sisjorge', now(), now()),
(209, 1, 209,  'A', 1, 'sisjorge', now(), now()),
(210, 1, 210,  'A', 1, 'sisjorge', now(), now()),
(211, 1, 211,  'A', 1, 'sisjorge', now(), now()),
(212, 1, 212,  'A', 1, 'sisjorge', now(), now()),
(213, 1, 213,  'A', 1, 'sisjorge', now(), now()),
(214, 1, 214,  'A', 1, 'sisjorge', now(), now()),
(215, 1, 215,  'A', 1, 'sisjorge', now(), now()),
(216, 1, 216,  'A', 1, 'sisjorge', now(), now()),
(217, 1, 217,  'A', 1, 'sisjorge', now(), now()),
(218, 1, 218,  'A', 1, 'sisjorge', now(), now()),
(219, 1, 219,  'A', 1, 'sisjorge', now(), now()),
(220, 1, 220,  'A', 1, 'sisjorge', now(), now()),
(221, 1, 221,  'A', 1, 'sisjorge', now(), now()),
(222, 1, 222,  'A', 1, 'sisjorge', now(), now()),
(223, 1, 223,  'A', 1, 'sisjorge', now(), now()),
(224, 1, 224,  'A', 1, 'sisjorge', now(), now()),
(225, 1, 225,  'A', 1, 'sisjorge', now(), now()),
(226, 1, 226,  'A', 1, 'sisjorge', now(), now()),
(227, 1, 227,  'A', 1, 'sisjorge', now(), now()),
(228, 1, 228,  'A', 1, 'sisjorge', now(), now()),
(229, 1, 229,  'A', 1, 'sisjorge', now(), now()),
(230, 1, 230,  'A', 1, 'sisjorge', now(), now()),
(231, 1, 231,  'A', 1, 'sisjorge', now(), now()),
(232, 1, 232,  'A', 1, 'sisjorge', now(), now()),
(233, 1, 233,  'A', 1, 'sisjorge', now(), now()),
(234, 1, 234,  'A', 1, 'sisjorge', now(), now()),
(235, 1, 235,  'A', 1, 'sisjorge', now(), now()),
(236, 1, 236,  'A', 1, 'sisjorge', now(), now()),
(237, 1, 237,  'A', 1, 'sisjorge', now(), now()),
(238, 1, 238,  'A', 1, 'sisjorge', now(), now()),
(239, 1, 239,  'A', 1, 'sisjorge', now(), now()),
(240, 1, 240,  'A', 1, 'sisjorge', now(), now()),
(241, 1, 241,  'A', 1, 'sisjorge', now(), now()),
(242, 1, 242,  'A', 1, 'sisjorge', now(), now()),
(243, 1, 243,  'A', 1, 'sisjorge', now(), now()),
(244, 1, 244,  'A', 1, 'sisjorge', now(), now()),
(245, 1, 245,  'A', 1, 'sisjorge', now(), now()),
(246, 1, 246,  'A', 1, 'sisjorge', now(), now()),
(247, 1, 247,  'A', 1, 'sisjorge', now(), now()),
(248, 1, 248,  'A', 1, 'sisjorge', now(), now()),
(249, 1, 249,  'A', 1, 'sisjorge', now(), now()),
(250, 1, 250,  'A', 1, 'sisjorge', now(), now()),
(251, 1, 251,  'A', 1, 'sisjorge', now(), now()),
(252, 1, 252,  'A', 1, 'sisjorge', now(), now()),
(253, 1, 253,  'A', 1, 'sisjorge', now(), now()),
(254, 1, 254,  'A', 1, 'sisjorge', now(), now()),
(255, 1, 255,  'A', 1, 'sisjorge', now(), now()),
(256, 1, 256,  'A', 1, 'sisjorge', now(), now()),
(257, 1, 257,  'A', 1, 'sisjorge', now(), now()),
(258, 1, 258,  'A', 1, 'sisjorge', now(), now()),
(259, 1, 259,  'A', 1, 'sisjorge', now(), now()),
(260, 1, 260,  'A', 1, 'sisjorge', now(), now()),
(261, 1, 261,  'A', 1, 'sisjorge', now(), now()),
(262, 1, 262,  'A', 1, 'sisjorge', now(), now()),
(263, 1, 263,  'A', 1, 'sisjorge', now(), now()),
(264, 1, 264,  'A', 1, 'sisjorge', now(), now()),
(265, 1, 265,  'A', 1, 'sisjorge', now(), now()),
(266, 1, 266,  'A', 1, 'sisjorge', now(), now()),
(267, 1, 267,  'A', 1, 'sisjorge', now(), now()),
(268, 1, 268,  'A', 1, 'sisjorge', now(), now()),
(269, 1, 269,  'A', 1, 'sisjorge', now(), now()),
(270, 1, 270,  'A', 1, 'sisjorge', now(), now()),
(271, 1, 271,  'A', 1, 'sisjorge', now(), now()),
(272, 1, 272,  'A', 1, 'sisjorge', now(), now()),
(273, 1, 273,  'A', 1, 'sisjorge', now(), now()),
(274, 1, 274,  'A', 1, 'sisjorge', now(), now()),
(275, 1, 275,  'A', 1, 'sisjorge', now(), now()),
(276, 1, 276,  'A', 1, 'sisjorge', now(), now()),
(277, 1, 277,  'A', 1, 'sisjorge', now(), now()),
(278, 1, 278,  'A', 1, 'sisjorge', now(), now()),
(279, 1, 279,  'A', 1, 'sisjorge', now(), now()),
(280, 1, 280,  'A', 1, 'sisjorge', now(), now()),
(281, 1, 281,  'A', 1, 'sisjorge', now(), now()),
(282, 1, 282,  'A', 1, 'sisjorge', now(), now()),
(283, 1, 283,  'A', 1, 'sisjorge', now(), now()),
(284, 1, 284,  'A', 1, 'sisjorge', now(), now()),
(285, 1, 285,  'A', 1, 'sisjorge', now(), now()),
(286, 1, 286,  'A', 1, 'sisjorge', now(), now()),
(287, 1, 287,  'A', 1, 'sisjorge', now(), now()),
(288, 1, 288,  'A', 1, 'sisjorge', now(), now()),
(289, 1, 289,  'A', 1, 'sisjorge', now(), now()),
(290, 1, 290,  'A', 1, 'sisjorge', now(), now()),
(291, 1, 291,  'A', 1, 'sisjorge', now(), now()),
(292, 1, 292,  'A', 1, 'sisjorge', now(), now()),
(293, 1, 293,  'A', 1, 'sisjorge', now(), now()),
(294, 1, 294,  'A', 1, 'sisjorge', now(), now()),
(295, 1, 295,  'A', 1, 'sisjorge', now(), now()),
(296, 1, 296,  'A', 1, 'sisjorge', now(), now()),
(297, 1, 297,  'A', 1, 'sisjorge', now(), now()),
(298, 2, 34,  'A', 1, 'sisjorge', now(), now()),
(299, 2, 35,  'A', 1, 'sisjorge', now(), now()),
(300, 2, 36,  'A', 1, 'sisjorge', now(), now()),
(301, 2, 37,  'A', 1, 'sisjorge', now(), now()),
(302, 2, 38,  'A', 1, 'sisjorge', now(), now()),
(303, 2, 39,  'A', 1, 'sisjorge', now(), now()),
(304, 2, 40,  'A', 1, 'sisjorge', now(), now()),
(305, 2, 41,  'A', 1, 'sisjorge', now(), now()),
(306, 2, 42,  'A', 1, 'sisjorge', now(), now()),
(307, 2, 43,  'A', 1, 'sisjorge', now(), now()),
(308, 2, 44,  'A', 1, 'sisjorge', now(), now()),
(309, 2, 45,  'A', 1, 'sisjorge', now(), now()),
(310, 2, 46,  'A', 1, 'sisjorge', now(), now()),
(311, 2, 47,  'A', 1, 'sisjorge', now(), now()),
(312, 2, 48,  'A', 1, 'sisjorge', now(), now()),
(313, 2, 49,  'A', 1, 'sisjorge', now(), now()),
(314, 2, 50,  'A', 1, 'sisjorge', now(), now()),
(315, 2, 51,  'A', 1, 'sisjorge', now(), now()),
(316, 2, 52,  'A', 1, 'sisjorge', now(), now()),
(317, 2, 53,  'A', 1, 'sisjorge', now(), now()),
(318, 2, 54,  'A', 1, 'sisjorge', now(), now()),
(319, 2, 55,  'A', 1, 'sisjorge', now(), now()),
(320, 2, 56,  'A', 1, 'sisjorge', now(), now()),
(321, 2, 57,  'A', 1, 'sisjorge', now(), now()),
(322, 2, 58,  'A', 1, 'sisjorge', now(), now()),
(323, 2, 59,  'A', 1, 'sisjorge', now(), now()),
(324, 2, 60,  'A', 1, 'sisjorge', now(), now()),
(325, 2, 61,  'A', 1, 'sisjorge', now(), now()),
(326, 2, 62,  'A', 1, 'sisjorge', now(), now()),
(327, 2, 63,  'A', 1, 'sisjorge', now(), now()),
(328, 2, 64,  'A', 1, 'sisjorge', now(), now()),
(329, 2, 65,  'A', 1, 'sisjorge', now(), now()),
(330, 2, 66,  'A', 1, 'sisjorge', now(), now()),
(331, 2, 67,  'A', 1, 'sisjorge', now(), now()),
(332, 2, 68,  'A', 1, 'sisjorge', now(), now()),
(333, 2, 69,  'A', 1, 'sisjorge', now(), now()),
(334, 2, 70,  'A', 1, 'sisjorge', now(), now()),
(335, 2, 71,  'A', 1, 'sisjorge', now(), now()),
(336, 2, 72,  'A', 1, 'sisjorge', now(), now()),
(337, 2, 73,  'A', 1, 'sisjorge', now(), now()),
(338, 2, 74,  'A', 1, 'sisjorge', now(), now()),
(339, 2, 75,  'A', 1, 'sisjorge', now(), now()),
(340, 2, 76,  'A', 1, 'sisjorge', now(), now()),
(341, 2, 77,  'A', 1, 'sisjorge', now(), now()),
(342, 2, 78,  'A', 1, 'sisjorge', now(), now()),
(343, 2, 79,  'A', 1, 'sisjorge', now(), now()),
(344, 2, 80,  'A', 1, 'sisjorge', now(), now()),
(345, 2, 81,  'A', 1, 'sisjorge', now(), now()),
(346, 2, 82,  'A', 1, 'sisjorge', now(), now()),
(347, 2, 83,  'A', 1, 'sisjorge', now(), now()),
(348, 2, 84,  'A', 1, 'sisjorge', now(), now()),
(349, 2, 85,  'A', 1, 'sisjorge', now(), now()),
(350, 2, 86,  'A', 1, 'sisjorge', now(), now()),
(351, 2, 87,  'A', 1, 'sisjorge', now(), now()),
(352, 2, 88,  'A', 1, 'sisjorge', now(), now()),
(353, 2, 89,  'A', 1, 'sisjorge', now(), now()),
(354, 2, 90,  'A', 1, 'sisjorge', now(), now()),
(355, 2, 91,  'A', 1, 'sisjorge', now(), now()),
(356, 2, 92,  'A', 1, 'sisjorge', now(), now()),
(357, 2, 93,  'A', 1, 'sisjorge', now(), now()),
(358, 2, 94,  'A', 1, 'sisjorge', now(), now()),
(359, 2, 95,  'A', 1, 'sisjorge', now(), now()),
(360, 2, 96,  'A', 1, 'sisjorge', now(), now()),
(361, 2, 97,  'A', 1, 'sisjorge', now(), now()),
(362, 2, 98,  'A', 1, 'sisjorge', now(), now()),
(363, 2, 99,  'A', 1, 'sisjorge', now(), now()),
(364, 3, 210,  'A', 1, 'sisjorge', now(), now()),
(365, 3, 211,  'A', 1, 'sisjorge', now(), now()),
(366, 3, 212,  'A', 1, 'sisjorge', now(), now()),
(367, 3, 213,  'A', 1, 'sisjorge', now(), now()),
(368, 3, 214,  'A', 1, 'sisjorge', now(), now()),
(369, 3, 215,  'A', 1, 'sisjorge', now(), now()),
(370, 3, 216,  'A', 1, 'sisjorge', now(), now()),
(371, 3, 217,  'A', 1, 'sisjorge', now(), now()),
(372, 3, 218,  'A', 1, 'sisjorge', now(), now()),
(373, 3, 219,  'A', 1, 'sisjorge', now(), now()),
(374, 3, 220,  'A', 1, 'sisjorge', now(), now()),
(375, 3, 221,  'A', 1, 'sisjorge', now(), now()),
(376, 3, 222,  'A', 1, 'sisjorge', now(), now()),
(377, 3, 223,  'A', 1, 'sisjorge', now(), now()),
(378, 3, 224,  'A', 1, 'sisjorge', now(), now()),
(379, 3, 225,  'A', 1, 'sisjorge', now(), now()),
(380, 3, 226,  'A', 1, 'sisjorge', now(), now()),
(381, 3, 227,  'A', 1, 'sisjorge', now(), now()),
(382, 3, 228,  'A', 1, 'sisjorge', now(), now()),
(383, 3, 229,  'A', 1, 'sisjorge', now(), now()),
(384, 3, 230,  'A', 1, 'sisjorge', now(), now()),
(385, 3, 231,  'A', 1, 'sisjorge', now(), now()),
(386, 3, 232,  'A', 1, 'sisjorge', now(), now()),
(387, 3, 233,  'A', 1, 'sisjorge', now(), now()),
(388, 3, 234,  'A', 1, 'sisjorge', now(), now()),
(389, 3, 235,  'A', 1, 'sisjorge', now(), now()),
(390, 3, 236,  'A', 1, 'sisjorge', now(), now()),
(391, 3, 237,  'A', 1, 'sisjorge', now(), now()),
(392, 3, 238,  'A', 1, 'sisjorge', now(), now()),
(393, 3, 239,  'A', 1, 'sisjorge', now(), now()),
(394, 3, 240,  'A', 1, 'sisjorge', now(), now()),
(395, 3, 241,  'A', 1, 'sisjorge', now(), now()),
(396, 3, 242,  'A', 1, 'sisjorge', now(), now()),
(397, 3, 243,  'A', 1, 'sisjorge', now(), now()),
(398, 3, 244,  'A', 1, 'sisjorge', now(), now()),
(399, 3, 245,  'A', 1, 'sisjorge', now(), now()),
(400, 3, 246,  'A', 1, 'sisjorge', now(), now()),
(401, 3, 247,  'A', 1, 'sisjorge', now(), now()),
(402, 3, 248,  'A', 1, 'sisjorge', now(), now()),
(403, 3, 249,  'A', 1, 'sisjorge', now(), now()),
(404, 3, 250,  'A', 1, 'sisjorge', now(), now()),
(405, 3, 251,  'A', 1, 'sisjorge', now(), now()),
(406, 3, 252,  'A', 1, 'sisjorge', now(), now()),
(407, 3, 253,  'A', 1, 'sisjorge', now(), now()),
(408, 3, 254,  'A', 1, 'sisjorge', now(), now()),
(409, 3, 255,  'A', 1, 'sisjorge', now(), now()),
(410, 3, 256,  'A', 1, 'sisjorge', now(), now()),
(411, 3, 257,  'A', 1, 'sisjorge', now(), now()),
(412, 3, 258,  'A', 1, 'sisjorge', now(), now()),
(413, 3, 259,  'A', 1, 'sisjorge', now(), now()),
(414, 3, 260,  'A', 1, 'sisjorge', now(), now()),
(415, 3, 261,  'A', 1, 'sisjorge', now(), now()),
(416, 3, 262,  'A', 1, 'sisjorge', now(), now()),
(417, 3, 263,  'A', 1, 'sisjorge', now(), now()),
(418, 3, 264,  'A', 1, 'sisjorge', now(), now()),
(419, 3, 265,  'A', 1, 'sisjorge', now(), now()),
(420, 3, 266,  'A', 1, 'sisjorge', now(), now()),
(421, 3, 267,  'A', 1, 'sisjorge', now(), now()),
(422, 3, 268,  'A', 1, 'sisjorge', now(), now()),
(423, 3, 269,  'A', 1, 'sisjorge', now(), now()),
(424, 3, 270,  'A', 1, 'sisjorge', now(), now()),
(425, 3, 271,  'A', 1, 'sisjorge', now(), now()),
(426, 3, 272,  'A', 1, 'sisjorge', now(), now()),
(427, 3, 273,  'A', 1, 'sisjorge', now(), now()),
(428, 3, 274,  'A', 1, 'sisjorge', now(), now()),
(429, 3, 275,  'A', 1, 'sisjorge', now(), now()),
(430, 3, 276,  'A', 1, 'sisjorge', now(), now()),
(431, 3, 277,  'A', 1, 'sisjorge', now(), now()),
(432, 3, 278,  'A', 1, 'sisjorge', now(), now()),
(433, 3, 279,  'A', 1, 'sisjorge', now(), now()),
(434, 3, 280,  'A', 1, 'sisjorge', now(), now()),
(435, 3, 281,  'A', 1, 'sisjorge', now(), now()),
(436, 3, 282,  'A', 1, 'sisjorge', now(), now()),
(437, 3, 283,  'A', 1, 'sisjorge', now(), now()),
(438, 3, 284,  'A', 1, 'sisjorge', now(), now()),
(439, 3, 285,  'A', 1, 'sisjorge', now(), now()),
(440, 3, 286,  'A', 1, 'sisjorge', now(), now()),
(441, 3, 287,  'A', 1, 'sisjorge', now(), now()),
(442, 3, 288,  'A', 1, 'sisjorge', now(), now()),
(443, 3, 289,  'A', 1, 'sisjorge', now(), now()),
(444, 3, 290,  'A', 1, 'sisjorge', now(), now()),
(445, 3, 291,  'A', 1, 'sisjorge', now(), now()),
(446, 3, 292,  'A', 1, 'sisjorge', now(), now()),
(447, 3, 293,  'A', 1, 'sisjorge', now(), now()),
(448, 3, 294,  'A', 1, 'sisjorge', now(), now()),
(449, 3, 295,  'A', 1, 'sisjorge', now(), now()),
(450, 3, 296,  'A', 1, 'sisjorge', now(), now()),
(451, 3, 297,  'A', 1, 'sisjorge', now(), now())
;



